,Protein1_ID
0,13
1,14
2,25
3,27
4,30
5,33
6,60
7,71
8,81
9,87
10,88
11,89
12,95
13,104
14,118
15,196740
16,152
17,161
18,162
19,163
20,164
21,166
22,189
23,190
24,191
25,207
26,208
27,211
28,212
29,218
30,221
31,226
32,230
33,240
34,247
35,250
36,258
37,262
38,270
39,271
40,272
41,273
42,275
43,196883
44,279
45,164127
46,288
47,301
48,310
49,311
50,313
51,164153
52,321
53,326
54,327
55,329
56,331
57,332
58,335
59,336
60,337
61,347
62,353
63,356
64,358
65,360
66,372
67,373
68,374
69,377
70,381
71,382
72,387
73,196996
74,389
75,392
76,164237
77,398
78,402
79,403
80,406
81,407
82,408
83,409
84,410
85,429
86,432
87,435
88,439
89,440
90,443
91,444
92,65981
93,65982
94,65983
95,65985
96,65986
97,65997
98,463
99,66000
100,66002
101,468
102,164312
103,472
104,475
105,480
106,486
107,131566
108,66036
109,66037
110,509
111,513
112,514
113,100532737
114,516
115,522
116,527
117,535
118,539
119,131616
120,563
121,572
122,573
123,574
124,578
125,579
126,580
127,581
128,583
129,596
130,597
131,598
132,599
133,604
134,605
135,627
136,631
137,638
138,640
139,642
140,653
141,655
142,660
143,662
144,663
145,664
146,665
147,685
148,689
149,696
150,699
151,705
152,706
153,712
154,713
155,714
156,197322
157,717
158,718
159,727
160,733
161,197342
162,741
163,744
164,746
165,750
166,164592
167,754
168,755
169,757
170,758
171,761
172,767
173,768
174,779
175,780
176,783
177,784
178,785
179,786
180,492303
181,197407
182,801
183,805
184,808
185,811
186,815
187,816
188,817
189,818
190,819
191,825
192,827
193,834
194,835
195,839
196,840
197,842
198,861
199,862
200,863
201,864
202,865
203,868
204,874
205,885
206,887
207,892
208,894
209,896
210,900
211,902
212,939
213,945
214,946
215,956
216,958
217,963
218,969
219,971
220,972
221,973
222,975
223,977
224,978
225,988
226,994
227,997
228,998
229,1013
230,1015
231,1018
232,1019
233,1020
234,1021
235,1025
236,1026
237,1027
238,1030
239,1031
240,1032
241,1038
242,1039
243,1041
244,1043
245,1045
246,1046
247,1054
248,1066
249,1068
250,1069
251,1070
252,1072
253,1073
254,132158
255,132160
256,1102
257,1106
258,1123
259,1124
260,1143
261,1144
262,1146
263,1152
264,1153
265,132228
266,1158
267,1159
268,1163
269,1164
270,1173
271,1174
272,1175
273,1180
274,1186
275,1187
276,1192
277,1195
278,1196
279,1198
280,1207
281,165055
282,132321
283,165100
284,1263
285,1270
286,1277
287,1278
288,1280
289,1281
290,1287
291,1288
292,1295
293,1298
294,1300
295,1308
296,1311
297,1315
298,1329
299,1337
300,1347
301,1350
302,1351
303,1364
304,1375
305,1379
306,1381
307,1382
308,1385
309,1386
310,1388
311,1389
312,1392
313,1398
314,1400
315,1406
316,1408
317,1409
318,1410
319,1411
320,1412
321,1414
322,1415
323,1417
324,1420
325,1434
326,1435
327,1443
328,1445
329,1447
330,1448
331,1453
332,1454
333,1455
334,1456
335,1457
336,1459
337,1460
338,1466
339,1468
340,1469
341,1470
342,1472
343,1478
344,1482
345,165324
346,1485
347,1488
348,1489
349,1491
350,1500
351,1503
352,1506
353,1511
354,1522
355,1527
356,1534
357,1535
358,132625
359,132660
360,1589
361,132671
362,1600
363,1602
364,1609
365,1615
366,1616
367,1621
368,1635
369,1641
370,1645
371,1647
372,1649
373,1656
374,1665
375,1667
376,1670
377,1671
378,1674
379,1675
380,1678
381,1687
382,132789
383,1725
384,1728
385,1731
386,1735
387,1740
388,1741
389,1748
390,1756
391,1776
392,1781
393,1785
394,1788
395,1791
396,1794
397,1802
398,1807
399,1808
400,1809
401,1810
402,1816
403,1819
404,1820
405,1822
406,198437
407,1831
408,1838
409,1845
410,1846
411,1855
412,1857
413,1861
414,1874
415,1876
416,1879
417,132954
418,1889
419,1893
420,1896
421,1911
422,1912
423,1915
424,1917
425,1933
426,1937
427,133015
428,1944
429,1946
430,133022
431,1962
432,1965
433,1967
434,1974
435,1977
436,1978
437,1979
438,1981
439,1983
440,1984
441,1993
442,1997
443,2004
444,2010
445,2012
446,2014
447,2017
448,2018
449,2039
450,2049
451,2051
452,2054
453,165904
454,2071
455,2072
456,2077
457,165918
458,2079
459,2098
460,2100
461,2101
462,2104
463,2107
464,2110
465,2114
466,2118
467,2120
468,2137
469,2138
470,2145
471,2146
472,2159
473,2170
474,2192
475,2199
476,2200
477,2202
478,2203
479,2207
480,2214
481,493753
482,2239
483,2243
484,2245
485,2255
486,2256
487,2257
488,2272
489,2274
490,2275
491,2280
492,2281
493,2286
494,2289
495,2298
496,2299
497,2302
498,2303
499,493829
500,2316
501,2323
502,2328
503,2332
504,2339
505,2342
506,2353
507,2354
508,2355
509,493911
510,2395
511,2483
512,2487
513,2491
514,2495
515,2512
516,2516
517,2517
518,2519
519,2530
520,2534
521,2539
522,2543
523,2547
524,2551
525,2553
526,2559
527,2563
528,2571
529,2572
530,2577
531,2578
532,2579
533,2582
534,2590
535,2592
536,2593
537,494119
538,199221
539,199223
540,2622
541,2623
542,2624
543,2625
544,2629
545,2643
546,2645
547,2653
548,2669
549,2670
550,133746
551,2686
552,2695
553,2735
554,2740
555,2741
556,2745
557,2762
558,2770
559,2773
560,166614
561,2782
562,2790
563,2791
564,2792
565,2800
566,2801
567,2810
568,2815
569,166655
570,2824
571,2832
572,2848
573,2874
574,2885
575,2886
576,2887
577,2888
578,2896
579,2912
580,2919
581,2937
582,2939
583,2940
584,2941
585,2947
586,2949
587,2950
588,166793
589,2954
590,2957
591,2958
592,2959
593,2960
594,2961
595,2965
596,2969
597,2976
598,2980
599,2981
600,2992
601,2993
602,494514
603,2997
604,3002
605,3004
606,166863
607,3039
608,3045
609,3046
610,3047
611,3049
612,3050
613,134121
614,3054
615,3055
616,3059
617,723961
618,199675
619,3070
620,134145
621,3081
622,3083
623,199692
624,3087
625,3092
626,3093
627,3094
628,3101
629,3104
630,199720
631,3115
632,166968
633,199745
634,166979
635,3140
636,3142
637,3145
638,3146
639,3148
640,3149
641,3161
642,3162
643,3169
644,3177
645,199786
646,3183
647,3185
648,3187
649,3188
650,3190
651,3192
652,134265
653,3196
654,3198
655,3200
656,3202
657,3204
658,3208
659,3212
660,3215
661,3216
662,134288
663,3217
664,3219
665,3221
666,3222
667,3223
668,3224
669,3225
670,199834
671,3227
672,3232
673,3241
674,3251
675,3270
676,3273
677,3276
678,3281
679,134359
680,3298
681,3299
682,3303
683,3305
684,3306
685,3308
686,3310
687,3312
688,167153
689,3316
690,134391
691,3329
692,3336
693,3337
694,199953
695,3347
696,3351
697,3364
698,199990
699,3383
700,3386
701,3397
702,3399
703,200014
704,3433
705,3437
706,134510
707,3443
708,3448
709,134526
710,200081
711,3480
712,134553
713,3488
714,3489
715,3491
716,3501
717,3537
718,3543
719,3559
720,3560
721,3561
722,3572
723,3577
724,200186
725,3586
726,3589
727,3603
728,3608
729,3611
730,3612
731,3613
732,3614
733,3615
734,167465
735,134701
736,3630
737,3635
738,3645
739,3646
740,3652
741,3662
742,3670
743,3684
744,3689
745,3691
746,3692
747,3693
748,3707
749,3725
750,3726
751,3728
752,3735
753,3736
754,3737
755,3739
756,3742
757,200350
758,3744
759,3757
760,134829
761,3759
762,3763
763,3767
764,3775
765,3788
766,3792
767,3795
768,3796
769,3797
770,3799
771,3800
772,3801
773,3803
774,3831
775,3836
776,3839
777,3840
778,3841
779,3846
780,3848
781,3849
782,3850
783,3851
784,3852
785,3853
786,3854
787,167691
788,3856
789,3860
790,3861
791,3866
792,3868
793,3875
794,3880
795,3881
796,3884
797,3885
798,3886
799,3887
800,3888
801,3889
802,3891
803,3892
804,3895
805,3904
806,3912
807,200523
808,3925
809,3927
810,3933
811,3934
812,3937
813,3939
814,3945
815,3957
816,3958
817,3960
818,3964
819,3965
820,3972
821,3975
822,3976
823,3981
824,167826
825,167838
826,4001
827,4004
828,4005
829,4012
830,4013
831,200634
832,4034
833,4049
834,4056
835,4059
836,4068
837,4070
838,4077
839,4085
840,4086
841,4087
842,4088
843,4089
844,4090
845,4093
846,4097
847,4100
848,4101
849,4102
850,4103
851,4105
852,4107
853,4110
854,4111
855,4113
856,4115
857,4116
858,4118
859,200734
860,4143
861,4144
862,4148
863,4149
864,4150
865,4155
866,168002
867,4163
868,4170
869,4171
870,4176
871,4184
872,4188
873,4192
874,4194
875,4199
876,4205
877,4207
878,4212
879,135293
880,4222
881,4223
882,4236
883,200845
884,4238
885,4241
886,4253
887,4281
888,4283
889,4284
890,4289
891,4292
892,4300
893,4302
894,4308
895,200916
896,4323
897,4336
898,4342
899,4350
900,4354
901,4355
902,4356
903,4357
904,266553
905,4436
906,4437
907,4440
908,4481
909,4485
910,4490
911,4493
912,4499
913,4501
914,4521
915,168374
916,4543
917,266697
918,201181
919,168417
920,135656
921,4591
922,266740
923,4598
924,4599
925,4600
926,4601
927,4602
928,4609
929,4615
930,4616
931,4619
932,201232
933,4637
934,4638
935,4645
936,201254
937,201255
938,4654
939,4656
940,4665
941,266812
942,4670
943,4673
944,4674
945,4678
946,4681
947,4686
948,4688
949,201299
950,4704
951,168544
952,4706
953,4708
954,4715
955,4731
956,4733
957,4734
958,4736
959,4739
960,4741
961,4745
962,4747
963,4759
964,4760
965,4762
966,4771
967,4774
968,4780
969,168620
970,4783
971,4784
972,4792
973,4798
974,4800
975,4801
976,4802
977,4807
978,4808
979,4809
980,4815
981,4818
982,135892
983,4824
984,4828
985,4830
986,4832
987,4833
988,4835
989,4836
990,4838
991,4841
992,4846
993,4848
994,4849
995,4850
996,267002
997,4862
998,4869
999,135946
1000,4878
1001,4879
1002,4893
1003,4899
1004,4905
1005,201516
1006,4909
1007,4920
1008,4927
1009,4929
1010,4938
1011,4939
1012,4943
1013,4951
1014,4952
1015,4953
1016,201562
1017,4956
1018,4957
1019,4978
1020,136051
1021,4998
1022,4999
1023,5002
1024,5013
1025,5015
1026,5025
1027,5027
1028,5031
1029,5037
1030,5047
1031,5049
1032,5050
1033,5054
1034,5058
1035,5062
1036,5077
1037,5078
1038,5079
1039,5080
1040,5082
1041,5083
1042,5087
1043,5089
1044,5090
1045,5092
1046,5093
1047,5095
1048,5096
1049,5108
1050,5110
1051,5111
1052,201725
1053,5121
1054,5125
1055,5127
1056,5128
1057,5129
1058,5130
1059,5141
1060,5143
1061,5144
1062,5147
1063,5149
1064,5152
1065,5154
1066,5159
1067,5161
1068,5176
1069,169026
1070,5187
1071,201798
1072,5199
1073,5203
1074,5204
1075,5207
1076,5210
1077,5223
1078,5229
1079,5252
1080,5255
1081,5256
1082,5257
1083,136332
1084,5261
1085,5264
1086,5272
1087,5275
1088,5276
1089,201895
1090,5293
1091,5295
1092,136371
1093,5300
1094,5303
1095,5307
1096,5308
1097,5311
1098,5313
1099,5315
1100,5316
1101,5317
1102,5318
1103,5326
1104,169166
1105,5328
1106,5332
1107,5349
1108,5350
1109,5354
1110,5355
1111,201965
1112,201973
1113,5366
1114,5371
1115,5372
1116,5373
1117,5376
1118,5378
1119,5383
1120,5395
1121,5407
1122,5409
1123,5411
1124,5413
1125,5420
1126,5424
1127,5427
1128,169270
1129,5439
1130,5441
1131,5443
1132,202051
1133,5449
1134,5450
1135,5451
1136,5459
1137,5465
1138,5467
1139,5475
1140,5476
1141,5479
1142,5480
1143,5493
1144,5499
1145,5500
1146,5501
1147,5507
1148,5511
1149,5515
1150,169355
1151,5518
1152,5524
1153,5525
1154,5526
1155,5528
1156,5530
1157,5537
1158,5539
1159,5542
1160,202151
1161,5545
1162,5551
1163,5552
1164,5557
1165,5558
1166,5563
1167,5564
1168,5565
1169,5566
1170,5569
1171,5570
1172,5571
1173,5573
1174,5575
1175,5576
1176,5577
1177,5584
1178,5585
1179,5590
1180,5592
1181,5594
1182,5597
1183,5598
1184,5601
1185,5602
1186,5604
1187,5605
1188,5607
1189,5608
1190,5610
1191,5612
1192,5617
1193,5620
1194,5624
1195,5626
1196,5630
1197,5631
1198,5634
1199,5635
1200,5636
1201,202243
1202,5639
1203,5660
1204,5682
1205,169522
1206,5684
1207,5685
1208,5687
1209,5689
1210,5690
1211,5691
1212,202299
1213,5693
1214,5696
1215,5700
1216,5701
1217,5702
1218,5704
1219,5705
1220,5706
1221,5708
1222,5709
1223,5711
1224,5713
1225,5715
1226,5716
1227,5720
1228,5721
1229,431705
1230,431707
1231,5727
1232,5730
1233,5733
1234,5746
1235,5747
1236,5753
1237,5754
1238,5757
1239,5774
1240,5778
1241,5780
1242,136853
1243,5782
1244,5781
1245,5784
1246,5790
1247,5798
1248,5805
1249,5814
1250,5817
1251,5819
1252,136895
1253,5824
1254,5829
1255,5830
1256,5833
1257,5834
1258,5836
1259,5837
1260,202459
1261,5859
1262,5860
1263,5862
1264,5863
1265,5864
1266,5866
1267,5867
1268,5870
1269,5873
1270,5874
1271,5875
1272,5876
1273,5877
1274,5878
1275,5879
1276,5886
1277,5887
1278,5890
1279,5892
1280,5893
1281,5900
1282,5901
1283,5908
1284,5911
1285,5912
1286,5914
1287,5915
1288,5916
1289,5917
1290,136991
1291,5921
1292,5928
1293,5929
1294,5932
1295,5934
1296,5935
1297,5940
1298,202559
1299,169792
1300,5955
1301,5966
1302,5970
1303,5973
1304,5977
1305,5983
1306,5984
1307,5985
1308,5987
1309,5990
1310,5991
1311,5998
1312,169841
1313,6002
1314,6005
1315,6009
1316,6013
1317,6015
1318,6017
1319,6035
1320,6036
1321,6048
1322,6050
1323,6097
1324,6100
1325,6102
1326,6117
1327,6120
1328,137196
1329,169966
1330,6133
1331,6135
1332,137209
1333,6138
1334,6146
1335,6150
1336,6158
1337,6166
1338,6168
1339,6171
1340,6184
1341,6187
1342,6192
1343,6198
1344,6202
1345,170062
1346,6230
1347,6231
1348,6232
1349,6233
1350,6234
1351,170082
1352,6248
1353,6249
1354,6257
1355,6258
1356,6271
1357,6273
1358,6274
1359,6275
1360,6278
1361,6280
1362,6285
1363,6286
1364,6293
1365,6299
1366,6303
1367,6304
1368,6310
1369,6320
1370,137392
1371,6322
1372,6331
1373,6345
1374,6348
1375,6351
1376,6354
1377,6360
1378,6363
1379,6374
1380,6385
1381,6386
1382,6396
1383,6397
1384,6399
1385,6406
1386,6418
1387,137492
1388,170261
1389,6426
1390,6427
1391,6428
1392,6429
1393,6431
1394,6432
1395,6434
1396,6439
1397,6440
1398,6442
1399,6443
1400,6446
1401,6447
1402,6449
1403,399665
1404,6452
1405,203062
1406,6455
1407,6470
1408,6477
1409,399693
1410,6495
1411,6498
1412,6499
1413,6500
1414,203111
1415,6525
1416,6527
1417,6528
1418,6529
1419,6541
1420,399761
1421,170392
1422,170394
1423,6560
1424,6584
1425,6585
1426,6590
1427,399814
1428,6598
1429,6599
1430,6601
1431,6602
1432,6605
1433,6606
1434,6607
1435,6612
1436,6613
1437,6615
1438,6616
1439,6619
1440,6620
1441,203228
1442,170463
1443,6626
1444,6627
1445,6628
1446,6629
1447,6631
1448,6632
1449,6633
1450,6634
1451,6636
1452,6637
1453,6642
1454,6643
1455,6648
1456,6649
1457,6650
1458,6652
1459,6653
1460,6658
1461,6660
1462,6663
1463,6668
1464,6670
1465,6671
1466,6672
1467,6675
1468,203286
1469,6687
1470,6692
1471,6693
1472,6698
1473,6700
1474,6708
1475,100506164
1476,6716
1477,6717
1478,6721
1479,6723
1480,6730
1481,6731
1482,399947
1483,6733
1484,170575
1485,6737
1486,6746
1487,170591
1488,6758
1489,6769
1490,6770
1491,6774
1492,6780
1493,6781
1494,6782
1495,6783
1496,170622
1497,170626
1498,6788
1499,6789
1500,6792
1501,6795
1502,6801
1503,6804
1504,6809
1505,6810
1506,6811
1507,6812
1508,137886
1509,6818
1510,6820
1511,6821
1512,6822
1513,6829
1514,6839
1515,170680
1516,6843
1517,6844
1518,170685
1519,6846
1520,6850
1521,6860
1522,6867
1523,6871
1524,6873
1525,6880
1526,6882
1527,6884
1528,6890
1529,6895
1530,6897
1531,6898
1532,727800
1533,6908
1534,6909
1535,6910
1536,6911
1537,203523
1538,6919
1539,6921
1540,6922
1541,6923
1542,6924
1543,6925
1544,6926
1545,6928
1546,6929
1547,6934
1548,6938
1549,6941
1550,6943
1551,6945
1552,203562
1553,138046
1554,6990
1555,6993
1556,138065
1557,6999
1558,7003
1559,7004
1560,7005
1561,7009
1562,7013
1563,7019
1564,7020
1565,7023
1566,7024
1567,7027
1568,7029
1569,7030
1570,7033
1571,7037
1572,7039
1573,7040
1574,400258
1575,7043
1576,7045
1577,7051
1578,7054
1579,7067
1580,7069
1581,7073
1582,7075
1583,138162
1584,7090
1585,7091
1586,7102
1587,7104
1588,7106
1589,7108
1590,7110
1591,7113
1592,7114
1593,170954
1594,7120
1595,7124
1596,7125
1597,7126
1598,138199
1599,7128
1600,100506584
1601,7127
1602,7134
1603,7135
1604,7138
1605,7142
1606,7148
1607,7157
1608,7158
1609,7159
1610,7163
1611,7165
1612,7166
1613,7168
1614,7169
1615,7170
1616,7171
1617,171017
1618,7179
1619,171023
1620,7185
1621,7186
1622,7187
1623,7188
1624,7189
1625,7203
1626,7205
1627,138311
1628,7247
1629,7251
1630,7257
1631,7259
1632,7262
1633,7265
1634,7268
1635,7274
1636,7276
1637,728175
1638,7284
1639,7289
1640,7294
1641,7295
1642,7297
1643,7307
1644,7310
1645,7311
1646,7314
1647,7316
1648,7318
1649,7319
1650,7321
1651,7322
1652,7323
1653,7325
1654,7329
1655,7332
1656,7335
1657,7337
1658,171177
1659,7341
1660,7342
1661,7348
1662,7353
1663,7356
1664,138428
1665,7360
1666,7371
1667,7376
1668,7379
1669,728276
1670,7381
1671,7388
1672,7389
1673,7391
1674,7403
1675,7405
1676,7407
1677,7408
1678,7411
1679,7414
1680,7415
1681,7423
1682,7424
1683,7431
1684,7432
1685,7436
1686,7441
1687,7447
1688,7448
1689,7454
1690,7456
1691,400673
1692,7458
1693,7466
1694,7469
1695,7481
1696,7483
1697,7490
1698,7498
1699,400720
1700,7507
1701,7511
1702,7516
1703,7518
1704,7520
1705,7525
1706,7528
1707,7531
1708,7533
1709,7534
1710,7536
1711,7538
1712,7541
1713,7542
1714,7544
1715,7545
1716,7549
1717,7551
1718,7556
1719,7559
1720,7565
1721,7566
1722,138639
1723,7568
1724,7571
1725,7572
1726,7580
1727,7584
1728,7586
1729,7589
1730,7597
1731,7620
1732,7629
1733,7633
1734,7634
1735,7638
1736,171482
1737,171483
1738,138716
1739,7675
1740,7678
1741,7681
1742,7690
1743,7695
1744,7697
1745,7699
1746,7702
1747,7703
1748,7704
1749,7707
1750,7709
1751,7711
1752,7716
1753,7718
1754,7726
1755,7727
1756,7728
1757,7730
1758,7733
1759,7739
1760,7741
1761,7746
1762,7750
1763,7753
1764,7755
1765,7762
1766,7766
1767,7767
1768,7770
1769,7772
1770,7773
1771,7775
1772,7780
1773,7781
1774,7791
1775,401027
1776,7812
1777,7813
1778,728712
1779,7832
1780,7849
1781,7851
1782,401067
1783,7862
1784,7866
1785,7869
1786,7913
1787,7917
1788,7918
1789,7919
1790,7920
1791,7922
1792,401152
1793,7965
1794,7975
1795,7979
1796,7984
1797,7988
1798,7993
1799,139067
1800,139081
1801,8019
1802,8022
1803,8027
1804,8030
1805,8031
1806,139105
1807,401250
1808,8038
1809,8061
1810,8065
1811,8078
1812,401296
1813,100507537
1814,8087
1815,8099
1816,8100
1817,8115
1818,139212
1819,139231
1820,8161
1821,8175
1822,8187
1823,401409
1824,8195
1825,8204
1826,8214
1827,401431
1828,8216
1829,8227
1830,8233
1831,8237
1832,8241
1833,204851
1834,139324
1835,8260
1836,8266
1837,8270
1838,8290
1839,401507
1840,401508
1841,8294
1842,8301
1843,8309
1844,8313
1845,8317
1846,8318
1847,8322
1848,8324
1849,401541
1850,8341
1851,729238
1852,8345
1853,401563
1854,8348
1855,8354
1856,8355
1857,8367
1858,8370
1859,8372
1860,8379
1861,8382
1862,8398
1863,8403
1864,8409
1865,8412
1866,8417
1867,8419
1868,8424
1869,8428
1870,8433
1871,8434
1872,8436
1873,8440
1874,8445
1875,8449
1876,8452
1877,8456
1878,8458
1879,8462
1880,8463
1881,8468
1882,8470
1883,8473
1884,8479
1885,8487
1886,139562
1887,8490
1888,8495
1889,8496
1890,8498
1891,8500
1892,8501
1893,8502
1894,8503
1895,8504
1896,8513
1897,8517
1898,8520
1899,8522
1900,139596
1901,729428
1902,8533
1903,8536
1904,8538
1905,8539
1906,8540
1907,8541
1908,8543
1909,8545
1910,8548
1911,8550
1912,729447
1913,8553
1914,139628
1915,8557
1916,8559
1917,8562
1918,8573
1919,8574
1920,8575
1921,8576
1922,8578
1923,8601
1924,8607
1925,8615
1926,8618
1927,729515
1928,8621
1929,8623
1930,8624
1931,8626
1932,8629
1933,8631
1934,8636
1935,8639
1936,8646
1937,8648
1938,8649
1939,8651
1940,8654
1941,8655
1942,8664
1943,8665
1944,8666
1945,8667
1946,8669
1947,8674
1948,8675
1949,8676
1950,8677
1951,8678
1952,401898
1953,8687
1954,8688
1955,8689
1956,8692
1957,8697
1958,8698
1959,8704
1960,8711
1961,8715
1962,8717
1963,139793
1964,8723
1965,8726
1966,8727
1967,8731
1968,8732
1969,8736
1970,8737
1971,8738
1972,8740
1973,8742
1974,8747
1975,8751
1976,8767
1977,8772
1978,8773
1979,8778
1980,401994
1981,8784
1982,8785
1983,8789
1984,8794
1985,8796
1986,8803
1987,8812
1988,8813
1989,8815
1990,8822
1991,8823
1992,8825
1993,8826
1994,8831
1995,8834
1996,8837
1997,8840
1998,8847
1999,8848
2000,8858
2001,8859
2002,8861
2003,8862
2004,8864
2005,8870
2006,8878
2007,8880
2008,8881
2009,8887
2010,8890
2011,8892
2012,8893
2013,8896
2014,8897
2015,402117
2016,8904
2017,8905
2018,8906
2019,8907
2020,8915
2021,402135
2022,8928
2023,8932
2024,8933
2025,8934
2026,8936
2027,8939
2028,8940
2029,8942
2030,8945
2031,402176
2032,729862
2033,8975
2034,8976
2035,8985
2036,8991
2037,8996
2038,9001
2039,9014
2040,9019
2041,9020
2042,9021
2043,9025
2044,9026
2045,9028
2046,9039
2047,9051
2048,9060
2049,9063
2050,9070
2051,9073
2052,9075
2053,9077
2054,9079
2055,9088
2056,9092
2057,9093
2058,9094
2059,9095
2060,9096
2061,729991
2062,9098
2063,9099
2064,9100
2065,9108
2066,9111
2067,9112
2068,9119
2069,9123
2070,9129
2071,9135
2072,9139
2073,9140
2074,9141
2075,9145
2076,9146
2077,9149
2078,9153
2079,402381
2080,9179
2081,9180
2082,9181
2083,140258
2084,9189
2085,9196
2086,9200
2087,9201
2088,730112
2089,9217
2090,9218
2091,9223
2092,9228
2093,9229
2094,9230
2095,9238
2096,9240
2097,9242
2098,9246
2099,9247
2100,205860
2101,9253
2102,9255
2103,9260
2104,9265
2105,9266
2106,9267
2107,9270
2108,9275
2109,9278
2110,9295
2111,9308
2112,9314
2113,9319
2114,9322
2115,9328
2116,9333
2117,9338
2118,9341
2119,9342
2120,9344
2121,9349
2122,9351
2123,9354
2124,9355
2125,9363
2126,9368
2127,9370
2128,9373
2129,140459
2130,140460
2131,140462
2132,9391
2133,140465
2134,9394
2135,9397
2136,9399
2137,9402
2138,9404
2139,9412
2140,9415
2141,9421
2142,9422
2143,9444
2144,9450
2145,9454
2146,9455
2147,9456
2148,9457
2149,9459
2150,9462
2151,9463
2152,9464
2153,9465
2154,402682
2155,9467
2156,9468
2157,9470
2158,9474
2159,9477
2160,9482
2161,9491
2162,9499
2163,9500
2164,9501
2165,9502
2166,9503
2167,140576
2168,9508
2169,9510
2170,9513
2171,9516
2172,9518
2173,9519
2174,9524
2175,9525
2176,9529
2177,9530
2178,9531
2179,9532
2180,9533
2181,140606
2182,9541
2183,9545
2184,9550
2185,9552
2186,9554
2187,9555
2188,140628
2189,9562
2190,9564
2191,9569
2192,9570
2193,9575
2194,9580
2195,9584
2196,9586
2197,9587
2198,9589
2199,9592
2200,9604
2201,9605
2202,9609
2203,9610
2204,140683
2205,9616
2206,9618
2207,140691
2208,9623
2209,140706
2210,9636
2211,9637
2212,140710
2213,9639
2214,9643
2215,9647
2216,9649
2217,9657
2218,9659
2219,140735
2220,9665
2221,9666
2222,140739
2223,9668
2224,9670
2225,9672
2226,9674
2227,9679
2228,9681
2229,9683
2230,9686
2231,9688
2232,9693
2233,9694
2234,9702
2235,140775
2236,9711
2237,9717
2238,9721
2239,9724
2240,9726
2241,9729
2242,140807
2243,9741
2244,9743
2245,9744
2246,9747
2247,9750
2248,9753
2249,9759
2250,140831
2251,140836
2252,9766
2253,9767
2254,9768
2255,9775
2256,9779
2257,9782
2258,9783
2259,9784
2260,9792
2261,9798
2262,140870
2263,9802
2264,140876
2265,9805
2266,9807
2267,9810
2268,9811
2269,140885
2270,9815
2271,9817
2272,9818
2273,140890
2274,140893
2275,9830
2276,140902
2277,9832
2278,9841
2279,9846
2280,9847
2281,9851
2282,9852
2283,9858
2284,9863
2285,9869
2286,9871
2287,9873
2288,9874
2289,140947
2290,9878
2291,9880
2292,9883
2293,9885
2294,9896
2295,9898
2296,9907
2297,9908
2298,9922
2299,9925
2300,9929
2301,9935
2302,9939
2303,9943
2304,9949
2305,9958
2306,9961
2307,9963
2308,9971
2309,9975
2310,9978
2311,9984
2312,10005
2313,10006
2314,10009
2315,10016
2316,10017
2317,10018
2318,10019
2319,10020
2320,10024
2321,10036
2322,10039
2323,10040
2324,10042
2325,10043
2326,10052
2327,10054
2328,10055
2329,10059
2330,10062
2331,10063
2332,10069
2333,10072
2334,10083
2335,10084
2336,10087
2337,10093
2338,10094
2339,403313
2340,10100
2341,10101
2342,10102
2343,10105
2344,10106
2345,10107
2346,10110
2347,10124
2348,403341
2349,10126
2350,10127
2351,10133
2352,10135
2353,10136
2354,10137
2355,10138
2356,10142
2357,10146
2358,10147
2359,10152
2360,10169
2361,10171
2362,10172
2363,10174
2364,10175
2365,10179
2366,10181
2367,10188
2368,10190
2369,10193
2370,10196
2371,10197
2372,337879
2373,337880
2374,10204
2375,10207
2376,10212
2377,10213
2378,10214
2379,10215
2380,10217
2381,10219
2382,10226
2383,10228
2384,10232
2385,10233
2386,10236
2387,10237
2388,10241
2389,10243
2390,10247
2391,10248
2392,10249
2393,10250
2394,10251
2395,10252
2396,10254
2397,10256
2398,10262
2399,10263
2400,10268
2401,10273
2402,10278
2403,337959
2404,337960
2405,10282
2406,337963
2407,10286
2408,10287
2409,337966
2410,337967
2411,337968
2412,337970
2413,337972
2414,10293
2415,337974
2416,10290
2417,337969
2418,10289
2419,10295
2420,337979
2421,10294
2422,10302
2423,10311
2424,10313
2425,10318
2426,10320
2427,10332
2428,10342
2429,10344
2430,10352
2431,10361
2432,10362
2433,10363
2434,10385
2435,10389
2436,10391
2437,10399
2438,10403
2439,10407
2440,10411
2441,10417
2442,10418
2443,10419
2444,10421
2445,10422
2446,10423
2447,10424
2448,10425
2449,10430
2450,10432
2451,10434
2452,10435
2453,10436
2454,10437
2455,10439
2456,10443
2457,10445
2458,10447
2459,10451
2460,10458
2461,10459
2462,10460
2463,10464
2464,10465
2465,10467
2466,10472
2467,10474
2468,10475
2469,10477
2470,10478
2471,10480
2472,10482
2473,10483
2474,10484
2475,10486
2476,10489
2477,10490
2478,10492
2479,10494
2480,10495
2481,10513
2482,10516
2483,10519
2484,10521
2485,10522
2486,10523
2487,10524
2488,10526
2489,10528
2490,10529
2491,10534
2492,10536
2493,10537
2494,10538
2495,10539
2496,10540
2497,10541
2498,10542
2499,10551
2500,10552
2501,10556
2502,10561
2503,10562
2504,10567
2505,10569
2506,10572
2507,10574
2508,10579
2509,10581
2510,10585
2511,10586
2512,10589
2513,10597
2514,10602
2515,10605
2516,10606
2517,10612
2518,10613
2519,10614
2520,10615
2521,10616
2522,10617
2523,10622
2524,10623
2525,10629
2526,10633
2527,10634
2528,10636
2529,10640
2530,10643
2531,10651
2532,10656
2533,10664
2534,10667
2535,10670
2536,10682
2537,10687
2538,10690
2539,338382
2540,10717
2541,10733
2542,10738
2543,10741
2544,10742
2545,10750
2546,10755
2547,10762
2548,10766
2549,10767
2550,10768
2551,10773
2552,10776
2553,10781
2554,10783
2555,10785
2556,10791
2557,10794
2558,10797
2559,10799
2560,10801
2561,10802
2562,10810
2563,10811
2564,10817
2565,10826
2566,10840
2567,10847
2568,10856
2569,10857
2570,10863
2571,10865
2572,10868
2573,10874
2574,10879
2575,10891
2576,10892
2577,10894
2578,10897
2579,10900
2580,10902
2581,10904
2582,10906
2583,10912
2584,10919
2585,338599
2586,10921
2587,10922
2588,10920
2589,10926
2590,10928
2591,10929
2592,10933
2593,10934
2594,10938
2595,10945
2596,10947
2597,10951
2598,10954
2599,10961
2600,10969
2601,10971
2602,338657
2603,10978
2604,10982
2605,10992
2606,10998
2607,11007
2608,11011
2609,11020
2610,11023
2611,11030
2612,11031
2613,11034
2614,11043
2615,11051
2616,11052
2617,11059
2618,11060
2619,11063
2620,11065
2621,11075
2622,11077
2623,338761
2624,11082
2625,11083
2626,11091
2627,11092
2628,11099
2629,11100
2630,11102
2631,11105
2632,338785
2633,11108
2634,11116
2635,11117
2636,11124
2637,11126
2638,11129
2639,11135
2640,11138
2641,11140
2642,11142
2643,11144
2644,11145
2645,11146
2646,11147
2647,11151
2648,11157
2649,11158
2650,11161
2651,11167
2652,11170
2653,11178
2654,11179
2655,11180
2656,11185
2657,11187
2658,11189
2659,11196
2660,11197
2661,11199
2662,338879
2663,11201
2664,11202
2665,11211
2666,11213
2667,11218
2668,11228
2669,11230
2670,11235
2671,11243
2672,11252
2673,11258
2674,11259
2675,11260
2676,11266
2677,11267
2678,11269
2679,11270
2680,11272
2681,11273
2682,11274
2683,11275
2684,11276
2685,11277
2686,11278
2687,11281
2688,11282
2689,11284
2690,11285
2691,11311
2692,11316
2693,11317
2694,11321
2695,339005
2696,11326
2697,11329
2698,11330
2699,11332
2700,404550
2701,11335
2702,11336
2703,11334
2704,11338
2705,11339
2706,11340
2707,11345
2708,11346
2709,339221
2710,339231
2711,142679
2712,339324
2713,339344
2714,339345
2715,339366
2716,339390
2717,339416
2718,339448
2719,142937
2720,503497
2721,339669
2722,143098
2723,339768
2724,339779
2725,386676
2726,339834
2727,143241
2728,339983
2729,143503
2730,143630
2731,340277
2732,143684
2733,340348
2734,340359
2735,373156
2736,340419
2737,143884
2738,340527
2739,144097
2740,340706
2741,144100
2742,144108
2743,144110
2744,144165
2745,144347
2746,144363
2747,144402
2748,144404
2749,373863
2750,144501
2751,78986
2752,78990
2753,78992
2754,78996
2755,78999
2756,79002
2757,79003
2758,79005
2759,79008
2760,79016
2761,79022
2762,79024
2763,79025
2764,79026
2765,79036
2766,79038
2767,79039
2768,79047
2769,79050
2770,79058
2771,79065
2772,79077
2773,79078
2774,79081
2775,79088
2776,79090
2777,79092
2778,79095
2779,79098
2780,79139
2781,79148
2782,79149
2783,79152
2784,79154
2785,79156
2786,79159
2787,79165
2788,79169
2789,79171
2790,79172
2791,79173
2792,79177
2793,144717
2794,79188
2795,79190
2796,79363
2797,79364
2798,79370
2799,374308
2800,79415
2801,341567
2802,79441
2803,374354
2804,374355
2805,79444
2806,79446
2807,439927
2808,374393
2809,374395
2810,374403
2811,374407
2812,374454
2813,439996
2814,79571
2815,440021
2816,440023
2817,79577
2818,79589
2819,79594
2820,440050
2821,440051
2822,79607
2823,79608
2824,79618
2825,79621
2826,79622
2827,112399
2828,79632
2829,79635
2830,79637
2831,79640
2832,79641
2833,440093
2834,79656
2835,79665
2836,79666
2837,79669
2838,79673
2839,79685
2840,79696
2841,112464
2842,79698
2843,374618
2844,440157
2845,112483
2846,79716
2847,79717
2848,112487
2849,79720
2850,79719
2851,79722
2852,79723
2853,79724
2854,79728
2855,79733
2856,79734
2857,440184
2858,79740
2859,79744
2860,79745
2861,145282
2862,374659
2863,79753
2864,374666
2865,79754
2866,79760
2867,79768
2868,79778
2869,79792
2870,79797
2871,79804
2872,112574
2873,79810
2874,79811
2875,79831
2876,79833
2877,79836
2878,79839
2879,79841
2880,79842
2881,79843
2882,112609
2883,79847
2884,112616
2885,440295
2886,79849
2887,79856
2888,79862
2889,79863
2890,79868
2891,79869
2892,79871
2893,440321
2894,79876
2895,79882
2896,79892
2897,79894
2898,79898
2899,440348
2900,79903
2901,79912
2902,79922
2903,79930
2904,79931
2905,79933
2906,79943
2907,112714
2908,145483
2909,342096
2910,79953
2911,79955
2912,79959
2913,79960
2914,79962
2915,374877
2916,374879
2917,440419
2918,79977
2919,79981
2920,79983
2921,112752
2922,112755
2923,342132
2924,79991
2925,440446
2926,80007
2927,80013
2928,80019
2929,80022
2930,145567
2931,80032
2932,112802
2933,112812
2934,80063
2935,112869
2936,80108
2937,440563
2938,375033
2939,80125
2940,80129
2941,80131
2942,80143
2943,375056
2944,80149
2945,80153
2946,80154
2947,440603
2948,80161
2949,112939
2950,80173
2951,80174
2952,112942
2953,80178
2954,80179
2955,80184
2956,80195
2957,80198
2958,80199
2959,80210
2960,80212
2961,80217
2962,80218
2963,80221
2964,80222
2965,375133
2966,145757
2967,80230
2968,80237
2969,145773
2970,440699
2971,80254
2972,80256
2973,80258
2974,80263
2975,80264
2976,80270
2977,80273
2978,80279
2979,440738
2980,80306
2981,80308
2982,80313
2983,80316
2984,80317
2985,80318
2986,80321
2987,80323
2988,80332
2989,80333
2990,375248
2991,80342
2992,80345
2993,80350
2994,80352
2995,375287
2996,113146
2997,440836
2998,375307
2999,113174
3000,145946
3001,113179
3002,113178
3003,145957
3004,342574
3005,113251
3006,146050
3007,146057
3008,408263
3009,375567
3010,113451
3011,80700
3012,441150
3013,80705
3014,80709
3015,80714
3016,80726
3017,80742
3018,146279
3019,80746
3020,441194
3021,80755
3022,80757
3023,80759
3024,441208
3025,80762
3026,80764
3027,441212
3028,146310
3029,80777
3030,80778
3031,80789
3032,146325
3033,80790
3034,342945
3035,375719
3036,80817
3037,80820
3038,80821
3039,80823
3040,80824
3041,441273
3042,80829
3043,80830
3044,80833
3045,375748
3046,80856
3047,80863
3048,375791
3049,113655
3050,343035
3051,80896
3052,146439
3053,113675
3054,343069
3055,441376
3056,113730
3057,113746
3058,146540
3059,113791
3060,441478
3061,113829
3062,441518
3063,441519
3064,441520
3065,441521
3066,113878
3067,474344
3068,146664
3069,474354
3070,146691
3071,146705
3072,146712
3073,146760
3074,146779
3075,114038
3076,114041
3077,146849
3078,146852
3079,114088
3080,146894
3081,343521
3082,147007
3083,81492
3084,81532
3085,81539
3086,81555
3087,114327
3088,81565
3089,81566
3090,114336
3091,81569
3092,81572
3093,81573
3094,81576
3095,442028
3096,81603
3097,81606
3098,81617
3099,81622
3100,81628
3101,81629
3102,81631
3103,147172
3104,147179
3105,147183
3106,81669
3107,81671
3108,81704
3109,442229
3110,81786
3111,343930
3112,81788
3113,81790
3114,81792
3115,114569
3116,147339
3117,147372
3118,81847
3119,81850
3120,81851
3121,81853
3122,81857
3123,81858
3124,344018
3125,81888
3126,81892
3127,81932
3128,114757
3129,147525
3130,114770
3131,114771
3132,114785
3133,114790
3134,114792
3135,114793
3136,114798
3137,114800
3138,114803
3139,114822
3140,114823
3141,114824
3142,442523
3143,245929
3144,114876
3145,147650
3146,147660
3147,114897
3148,114898
3149,245972
3150,245973
3151,114900
3152,114904
3153,114908
3154,147686
3155,147687
3156,114928
3157,114932
3158,147700
3159,114960
3160,114971
3161,147744
3162,114990
3163,114991
3164,344387
3165,246100
3166,147807
3167,147808
3168,147837
3169,246175
3170,147872
3171,246176
3172,246184
3173,115123
3174,147906
3175,147923
3176,147945
3177,147947
3178,115201
3179,115207
3180,246329
3181,115265
3182,344658
3183,115290
3184,148103
3185,148137
3186,100287171
3187,115416
3188,148198
3189,148223
3190,541465
3191,541468
3192,148252
3193,541471
3194,148266
3195,148281
3196,344892
3197,377677
3198,148304
3199,115572
3200,148398
3201,148413
3202,100287428
3203,115677
3204,115703
3205,115704
3206,148534
3207,115817
3208,115825
3209,115827
3210,115948
3211,115950
3212,378108
3213,50489
3214,116092
3215,148870
3216,116115
3217,100287902
3218,148898
3219,50619
3220,50626
3221,50628
3222,148932
3223,116173
3224,116179
3225,345557
3226,83416
3227,83417
3228,50650
3229,50649
3230,50674
3231,148979
3232,83444
3233,83446
3234,83447
3235,83448
3236,83451
3237,83452
3238,116225
3239,83461
3240,83463
3241,116236
3242,116254
3243,116285
3244,149069
3245,83541
3246,83543
3247,116328
3248,50804
3249,50805
3250,149111
3251,50808
3252,116349
3253,83593
3254,50836
3255,83605
3256,83606
3257,50848
3258,50855
3259,50863
3260,83637
3261,83638
3262,83639
3263,83640
3264,116412
3265,83648
3266,83650
3267,83658
3268,83659
3269,83692
3270,116461
3271,83695
3272,83698
3273,83700
3274,83707
3275,50943
3276,50945
3277,83714
3278,83719
3279,116496
3280,83733
3281,83734
3282,83741
3283,83746
3284,83752
3285,83755
3286,83759
3287,51001
3288,116540
3289,51005
3290,51008
3291,51013
3292,51016
3293,83786
3294,51019
3295,51020
3296,51022
3297,51025
3298,51027
3299,83795
3300,378708
3301,51030
3302,51032
3303,51035
3304,51042
3305,51043
3306,51053
3307,51056
3308,51058
3309,51060
3310,51066
3311,149371
3312,51067
3313,51071
3314,51072
3315,51074
3316,51076
3317,51077
3318,51078
3319,51082
3320,83851
3321,83852
3322,83853
3323,51084
3324,51083
3325,51090
3326,51091
3327,83861
3328,83862
3329,51100
3330,51101
3331,83874
3332,83878
3333,51111
3334,149420
3335,51117
3336,83892
3337,51124
3338,83894
3339,51127
3340,83895
3341,83897
3342,51125
3343,83899
3344,83900
3345,83901
3346,51134
3347,51135
3348,83903
3349,51141
3350,51142
3351,51144
3352,51147
3353,51148
3354,51157
3355,149461
3356,51160
3357,149473
3358,83937
3359,51171
3360,83942
3361,149483
3362,51181
3363,51187
3364,51188
3365,51193
3366,51194
3367,51204
3368,51207
3369,51213
3370,51214
3371,100288527
3372,83988
3373,83990
3374,51224
3375,51225
3376,83992
3377,51233
3378,84002
3379,346157
3380,51248
3381,51251
3382,51256
3383,51257
3384,51264
3385,51265
3386,51267
3387,378950
3388,378951
3389,51274
3390,51277
3391,51282
3392,280658
3393,84056
3394,280664
3395,51291
3396,84060
3397,84062
3398,51295
3399,51296
3400,51297
3401,51298
3402,116835
3403,51300
3404,84069
3405,84065
3406,116840
3407,116841
3408,84074
3409,84072
3410,51307
3411,51309
3412,84078
3413,84080
3414,51315
3415,51316
3416,51317
3417,51319
3418,51322
3419,51324
3420,51327
3421,51329
3422,51330
3423,84102
3424,84105
3425,84106
3426,84108
3427,51350
3428,51352
3429,84124
3430,51361
3431,84129
3432,51363
3433,51364
3434,51367
3435,51368
3436,84140
3437,51375
3438,51377
3439,51379
3440,51382
3441,84153
3442,84154
3443,51389
3444,51390
3445,84167
3446,149708
3447,51406
3448,51409
3449,51411
3450,51421
3451,84191
3452,51427
3453,84203
3454,51440
3455,51442
3456,51444
3457,84215
3458,51447
3459,84217
3460,116987
3461,84221
3462,84223
3463,51460
3464,84229
3465,51466
3466,51473
3467,51475
3468,84245
3469,51480
3470,84248
3471,100288797
3472,84256
3473,84259
3474,84260
3475,51496
3476,84265
3477,51497
3478,84267
3479,84266
3480,84271
3481,84272
3482,51504
3483,51506
3484,84277
3485,51510
3486,84281
3487,84282
3488,84283
3489,51517
3490,84285
3491,84289
3492,51522
3493,84290
3494,84292
3495,84294
3496,84296
3497,51529
3498,51531
3499,84299
3500,51533
3501,51534
3502,84304
3503,84305
3504,51538
3505,84307
3506,84309
3507,84310
3508,84311
3509,84312
3510,51545
3511,84313
3512,641367
3513,51550
3514,84320
3515,51552
3516,84324
3517,51560
3518,51561
3519,51562
3520,84330
3521,51564
3522,51567
3523,51569
3524,84337
3525,51571
3526,51582
3527,51596
3528,51603
3529,51606
3530,51608
3531,84376
3532,117144
3533,51616
3534,51619
3535,117157
3536,51626
3537,117166
3538,51631
3539,51633
3540,51634
3541,117177
3542,117178
3543,51645
3544,149950
3545,51646
3546,51647
3547,84417
3548,51652
3549,51655
3550,51659
3551,51661
3552,51668
3553,84437
3554,84439
3555,84440
3556,84445
3557,51678
3558,84446
3559,84448
3560,84450
3561,51684
3562,51686
3563,84456
3564,84457
3565,51690
3566,84458
3567,84460
3568,51693
3569,84464
3570,84465
3571,51699
3572,51700
3573,51701
3574,51702
3575,51705
3576,117245
3577,117248
3578,51719
3579,51726
3580,51729
3581,84498
3582,51734
3583,51738
3584,51741
3585,51742
3586,117283
3587,84516
3588,117286
3589,84520
3590,117289
3591,84522
3592,84525
3593,84527
3594,51760
3595,84528
3596,84530
3597,51763
3598,51764
3599,346673
3600,51765
3601,84529
3602,84536
3603,84532
3604,51776
3605,51778
3606,84547
3607,150082
3608,84557
3609,150094
3610,84561
3611,100289124
3612,84612
3613,84616
3614,84618
3615,84619
3616,84648
3617,84656
3618,84661
3619,84662
3620,84667
3621,84668
3622,84669
3623,84677
3624,84680
3625,84688
3626,84690
3627,84691
3628,84693
3629,84699
3630,84705
3631,84707
3632,84708
3633,150248
3634,84733
3635,84759
3636,84766
3637,84779
3638,84791
3639,84807
3640,84808
3641,84811
3642,84812
3643,117581
3644,84816
3645,84817
3646,84823
3647,84832
3648,150368
3649,150372
3650,84837
3651,84838
3652,150379
3653,84850
3654,84858
3655,84864
3656,84867
3657,84871
3658,84872
3659,84873
3660,84878
3661,84883
3662,84888
3663,84890
3664,84891
3665,84901
3666,84902
3667,84905
3668,84912
3669,84914
3670,84919
3671,84923
3672,84929
3673,84932
3674,84935
3675,84936
3676,84937
3677,84941
3678,84946
3679,150483
3680,84948
3681,84950
3682,84951
3683,84958
3684,84959
3685,84962
3686,84969
3687,84970
3688,84984
3689,84985
3690,84988
3691,84991
3692,84993
3693,84996
3694,85007
3695,85013
3696,85025
3697,85027
3698,150572
3699,347240
3700,150677
3701,150684
3702,150771
3703,85285
3704,85289
3705,85291
3706,85293
3707,85294
3708,85300
3709,85313
3710,85317
3711,150864
3712,85359
3713,347517
3714,85376
3715,150921
3716,85395
3717,85397
3718,85403
3719,85407
3720,150962
3721,85446
3722,85474
3723,85569
3724,151121
3725,151194
3726,118427
3727,151195
3728,118471
3729,118472
3730,151246
3731,151254
3732,118487
3733,118490
3734,347918
3735,151354
3736,151393
3737,642938
3738,118663
3739,348093
3740,643008
3741,348110
3742,118738
3743,151531
3744,348158
3745,118788
3746,348174
3747,118812
3748,151636
3749,53335
3750,53339
3751,53340
3752,53347
3753,53349
3754,53358
3755,53371
3756,348303
3757,643394
3758,348487
3759,414059
3760,414060
3761,53615
3762,53632
3763,283011
3764,151963
3765,152006
3766,414157
3767,348645
3768,152078
3769,283150
3770,283152
3771,283165
3772,152098
3773,53820
3774,53822
3775,53826
3776,283208
3777,119369
3778,283212
3779,283219
3780,86614
3781,283229
3782,414301
3783,119391
3784,283234
3785,283237
3786,414318
3787,414325
3788,152189
3789,348801
3790,348807
3791,152206
3792,53916
3793,53918
3794,53940
3795,283349
3796,643832
3797,283385
3798,348938
3799,54033
3800,54039
3801,54058
3802,54065
3803,54067
3804,54069
3805,283455
3806,283459
3807,283461
3808,152404
3809,54107
3810,54108
3811,54165
3812,283551
3813,152503
3814,283578
3815,54205
3816,54206
3817,283635
3818,152573
3819,644096
3820,283652
3821,283685
3822,54332
3823,152687
3824,54407
3825,87178
3826,100127888
3827,54432
3828,54438
3829,54458
3830,54461
3831,54471
3832,54472
3833,283849
3834,54474
3835,54476
3836,54477
3837,414927
3838,283870
3839,54496
3840,54502
3841,54507
3842,54510
3843,152815
3844,152816
3845,54518
3846,283899
3847,54531
3848,54532
3849,54535
3850,54536
3851,54539
3852,54544
3853,54549
3854,54550
3855,54551
3856,54552
3857,54555
3858,54556
3859,54557
3860,283933
3861,54585
3862,644414
3863,54602
3864,283985
3865,283987
3866,283989
3867,54620
3868,152926
3869,54623
3870,54622
3871,284001
3872,152940
3873,54662
3874,284040
3875,415117
3876,54676
3877,284069
3878,54704
3879,284083
3880,54708
3881,284086
3882,54715
3883,54716
3884,153020
3885,54734
3886,284111
3887,54739
3888,284119
3889,54749
3890,54751
3891,54752
3892,54754
3893,54762
3894,54763
3895,54764
3896,54765
3897,54776
3898,54778
3899,54784
3900,54785
3901,153090
3902,54790
3903,54793
3904,54796
3905,54797
3906,54800
3907,54808
3908,284185
3909,54810
3910,54815
3911,54816
3912,284194
3913,54819
3914,54830
3915,54840
3916,54841
3917,120379
3918,54845
3919,54849
3920,54850
3921,54860
3922,54865
3923,54869
3924,54870
3925,120406
3926,284252
3927,54881
3928,54882
3929,54883
3930,284257
3931,54900
3932,54902
3933,54906
3934,54910
3935,54913
3936,54915
3937,153222
3938,284297
3939,54925
3940,54926
3941,54927
3942,54932
3943,284309
3944,54935
3945,284312
3946,54939
3947,54942
3948,54944
3949,54946
3950,284325
3951,54951
3952,54955
3953,54957
3954,54959
3955,54960
3956,284338
3957,54964
3958,54967
3959,54968
3960,284346
3961,54971
3962,54973
3963,54974
3964,284352
3965,284355
3966,54980
3967,54981
3968,54982
3969,54979
3970,284365
3971,120526
3972,120534
3973,87769
3974,55003
3975,55004
3976,55007
3977,284390
3978,284391
3979,55015
3980,55017
3981,55022
3982,153328
3983,284402
3984,55030
3985,55031
3986,284415
3987,55041
3988,284418
3989,55048
3990,55049
3991,55061
3992,284439
3993,55068
3994,55075
3995,55076
3996,284451
3997,55080
3998,55081
3999,55083
4000,55086
4001,55093
4002,55095
4003,55103
4004,55105
4005,55108
4006,55109
4007,55110
4008,55111
4009,55114
4010,55118
4011,55120
4012,644945
4013,55122
4014,55128
4015,55130
4016,55132
4017,55135
4018,55137
4019,55138
4020,55145
4021,55152
4022,55163
4023,55164
4024,55165
4025,55174
4026,55175
4027,55176
4028,55178
4029,55179
4030,55191
4031,55192
4032,55194
4033,55195
4034,55196
4035,284573
4036,55198
4037,55200
4038,55209
4039,55211
4040,55216
4041,55219
4042,55222
4043,55223
4044,55224
4045,153527
4046,55231
4047,55233
4048,55234
4049,55238
4050,55249
4051,55252
4052,55256
4053,55257
4054,153562
4055,55262
4056,55266
4057,55267
4058,153572
4059,55269
4060,55272
4061,55273
4062,55274
4063,55281
4064,55282
4065,55285
4066,55286
4067,55297
4068,284680
4069,55308
4070,55311
4071,284695
4072,55319
4073,55322
4074,55327
4075,55329
4076,55333
4077,55334
4078,55336
4079,55337
4080,153643
4081,55340
4082,55342
4083,55346
4084,55353
4085,153657
4086,55357
4087,55363
4088,55374
4089,55379
4090,55388
4091,55421
4092,284802
4093,153733
4094,55432
4095,55435
4096,153743
4097,284827
4098,100128927
4099,284836
4100,284837
4101,153769
4102,55500
4103,55502
4104,55503
4105,55504
4106,55505
4107,219348
4108,55509
4109,55510
4110,55521
4111,55526
4112,55527
4113,284904
4114,317671
4115,55536
4116,55544
4117,317703
4118,22794
4119,22795
4120,22796
4121,22797
4122,55565
4123,22806
4124,22807
4125,317719
4126,55577
4127,22809
4128,55582
4129,22822
4130,22827
4131,22828
4132,55603
4133,22836
4134,22839
4135,55608
4136,55609
4137,22841
4138,55611
4139,22845
4140,153918
4141,55616
4142,317761
4143,448834
4144,55619
4145,55620
4146,55621
4147,284992
4148,55629
4149,22863
4150,22864
4151,55633
4152,645455
4153,22873
4154,22874
4155,55646
4156,285025
4157,22884
4158,22885
4159,55653
4160,22887
4161,22888
4162,55657
4163,22889
4164,22890
4165,55658
4166,55660
4167,22893
4168,55663
4169,55662
4170,22897
4171,55666
4172,22899
4173,55668
4174,22902
4175,22903
4176,55672
4177,22905
4178,22908
4179,22913
4180,22919
4181,22920
4182,88455
4183,22921
4184,22924
4185,55693
4186,55692
4187,22928
4188,22929
4189,55696
4190,55697
4191,55698
4192,55701
4193,22934
4194,55702
4195,22938
4196,22941
4197,55713
4198,22948
4199,285093
4200,219557
4201,55719
4202,55721
4203,22954
4204,22955
4205,55722
4206,55729
4207,55731
4208,121268
4209,55735
4210,55737
4211,55739
4212,55743
4213,22977
4214,22978
4215,22980
4216,55749
4217,22981
4218,55752
4219,22986
4220,55758
4221,55760
4222,55763
4223,22996
4224,285141
4225,55768
4226,285148
4227,23005
4228,23012
4229,55781
4230,23016
4231,154089
4232,55786
4233,154091
4234,23022
4235,55791
4236,55793
4237,55795
4238,23028
4239,55796
4240,285172
4241,23034
4242,55802
4243,285180
4244,121340
4245,55806
4246,23039
4247,55810
4248,55815
4249,23051
4250,55823
4251,23059
4252,55827
4253,23061
4254,23062
4255,285205
4256,55840
4257,55845
4258,55850
4259,55854
4260,121391
4261,55856
4262,23089
4263,55857
4264,55859
4265,55860
4266,285237
4267,23099
4268,55872
4269,23108
4270,23111
4271,23114
4272,55885
4273,23118
4274,23119
4275,55888
4276,23117
4277,55890
4278,23125
4279,23126
4280,23127
4281,55898
4282,219738
4283,55900
4284,23130
4285,23136
4286,23137
4287,55906
4288,55905
4289,55909
4290,23143
4291,55915
4292,55916
4293,23149
4294,55917
4295,23151
4296,23152
4297,121457
4298,23154
4299,55922
4300,23157
4301,23162
4302,23163
4303,23170
4304,23173
4305,23174
4306,23177
4307,23181
4308,55954
4309,55957
4310,23190
4311,23192
4312,23194
4313,55964
4314,23199
4315,23200
4316,23201
4317,121506
4318,55971
4319,23204
4320,285349
4321,121504
4322,23208
4323,121512
4324,23212
4325,23216
4326,23219
4327,285367
4328,23224
4329,121536
4330,23233
4331,56000
4332,23237
4333,56006
4334,285381
4335,56005
4336,154313
4337,23242
4338,23243
4339,23244
4340,121549
4341,219854
4342,23251
4343,23253
4344,23258
4345,23265
4346,23270
4347,23281
4348,23283
4349,23288
4350,219899
4351,23293
4352,23294
4353,100129534
4354,121599
4355,23299
4356,23313
4357,154386
4358,23315
4359,285464
4360,23321
4361,23324
4362,23326
4363,23327
4364,645922
4365,23338
4366,23339
4367,121642
4368,121643
4369,56107
4370,56122
4371,56124
4372,23368
4373,23371
4374,23373
4375,23376
4376,56144
4377,23378
4378,219988
4379,285527
4380,23384
4381,23386
4382,56155
4383,613212
4384,56157
4385,56158
4386,56159
4387,23392
4388,220001
4389,220002
4390,56156
4391,220004
4392,154467
4393,23399
4394,23403
4395,23412
4396,23413
4397,23414
4398,56180
4399,23417
4400,23421
4401,23426
4402,23429
4403,285596
4404,220064
4405,23462
4406,23463
4407,23468
4408,285613
4409,23473
4410,23474
4411,220082
4412,23475
4413,56241
4414,56243
4415,23479
4416,285622
4417,23484
4418,56254
4419,23492
4420,23493
4421,23495
4422,23498
4423,220108
4424,56269
4425,23503
4426,23506
4427,252884
4428,23515
4429,23516
4430,23520
4431,23526
4432,220134
4433,285672
4434,220136
4435,56301
4436,23534
4437,23542
4438,23543
4439,23544
4440,23548
4441,23549
4442,23550
4443,220164
4444,23557
4445,23564
4446,23566
4447,23567
4448,23568
4449,23569
4450,56341
4451,56344
4452,23582
4453,23583
4454,23589
4455,23592
4456,252969
4457,23594
4458,23593
4459,220202
4460,23598
4461,23604
4462,252983
4463,23608
4464,23609
4465,285753
4466,285755
4467,23613
4468,23616
4469,23617
4470,23619
4471,23623
4472,23625
4473,23626
4474,23630
4475,23633
4476,23636
4477,285782
4478,23639
4479,23640
4480,23641
4481,23647
4482,23648
4483,23650
4484,23657
4485,23658
4486,23671
4487,23673
4488,56474
4489,56475
4490,56477
4491,23710
4492,56478
4493,154796
4494,154807
4495,220359
4496,253128
4497,23753
4498,122060
4499,23762
4500,285908
4501,23774
4502,23780
4503,23786
4504,154865
4505,154881
4506,285971
4507,285987
4508,56616
4509,286006
4510,56647
4511,122183
4512,56648
4513,56649
4514,56654
4515,56655
4516,56658
4517,56673
4518,56675
4519,56676
4520,286053
4521,286075
4522,56704
4523,56729
4524,286128
4525,155060
4526,286151
4527,253430
4528,56829
4529,56850
4530,56851
4531,56852
4532,253461
4533,286262
4534,56890
4535,56891
4536,56895
4537,56896
4538,56898
4539,56902
4540,56904
4541,56906
4542,24139
4543,24142
4544,56911
4545,24144
4546,56915
4547,56924
4548,56925
4549,56929
4550,56935
4551,56938
4552,56943
4553,56946
4554,56947
4555,56949
4556,253558
4557,56952
4558,56956
4559,319101
4560,56963
4561,286343
4562,56970
4563,56984
4564,56997
4565,56998
4566,89765
4567,57002
4568,286380
4569,57018
4570,57019
4571,253635
4572,89796
4573,57035
4574,57048
4575,57050
4576,548593
4577,286451
4578,57085
4579,57088
4580,220929
4581,89857
4582,57091
4583,57093
4584,57097
4585,89866
4586,89870
4587,57104
4588,57105
4589,57110
4590,89884
4591,89885
4592,89887
4593,57120
4594,286499
4595,89891
4596,57126
4597,57127
4598,57130
4599,57132
4600,286514
4601,57139
4602,57144
4603,57146
4604,57147
4605,57148
4606,57159
4607,57161
4608,57162
4609,155465
4610,57172
4611,57175
4612,89944
4613,57176
4614,57182
4615,57184
4616,57185
4617,89953
4618,57188
4619,57189
4620,89958
4621,57192
4622,221044
4623,57209
4624,57212
4625,57213
4626,57215
4627,253827
4628,221060
4629,122769
4630,90007
4631,122786
4632,90025
4633,90060
4634,57325
4635,57326
4636,57332
4637,57333
4638,253943
4639,57335
4640,57338
4641,221184
4642,90121
4643,90133
4644,90135
4645,253980
4646,286753
4647,57381
4648,57396
4649,90167
4650,57402
4651,57403
4652,57409
4653,57410
4654,122953
4655,90203
4656,57449
4657,286827
4658,57456
4659,57459
4660,57461
4661,221302
4662,57473
4663,57474
4664,57489
4665,57498
4666,90268
4667,57506
4668,57511
4669,286887
4670,57513
4671,254122
4672,57523
4673,57530
4674,57531
4675,57532
4676,57536
4677,57541
4678,57542
4679,90313
4680,57547
4681,221393
4682,57554
4683,57559
4684,57561
4685,57563
4686,90332
4687,254173
4688,57567
4689,57568
4690,221416
4691,254187
4692,221424
4693,90355
4694,57592
4695,57594
4696,57595
4697,57596
4698,90362
4699,221443
4700,57610
4701,57616
4702,57621
4703,90390
4704,57624
4705,57630
4706,57631
4707,221472
4708,57633
4709,57634
4710,123169
4711,57639
4712,287015
4713,90407
4714,90410
4715,254251
4716,90417
4717,57654
4718,57655
4719,57658
4720,57659
4721,90427
4722,57664
4723,221504
4724,57673
4725,90441
4726,57684
4727,221527
4728,57692
4729,57693
4730,57696
4731,57698
4732,57703
4733,57709
4734,90480
4735,57713
4736,57727
4737,123264
4738,90507
4739,123283
4740,254359
4741,90522
4742,90523
4743,57761
4744,57763
4745,57786
4746,57819
4747,57820
4748,90589
4749,221662
4750,254428
4751,90594
4752,57830
4753,57862
4754,90637
4755,221718
4756,90655
4757,90678
4758,221785
4759,221786
4760,90737
4761,90799
4762,123591
4763,90827
4764,90861
4765,90864
4766,90874
4767,221955
4768,123688
4769,58155
4770,58157
4771,90933
4772,254778
4773,123722
4774,90957
4775,58190
4776,58191
4777,353116
4778,254827
4779,353131
4780,353132
4781,353133
4782,353134
4783,353135
4784,90993
4785,353137
4786,353139
4787,353140
4788,353141
4789,353142
4790,353143
4791,353144
4792,353145
4793,91010
4794,123803
4795,254887
4796,254910
4797,222166
4798,353238
4799,91107
4800,254950
4801,254958
4802,91133
4803,91137
4804,353288
4805,123920
4806,91156
4807,353322
4808,353323
4809,222255
4810,222256
4811,255025
4812,353332
4813,353333
4814,255043
4815,353376
4816,58478
4817,58487
4818,58490
4819,58491
4820,58493
4821,58495
4822,58498
4823,58499
4824,58500
4825,58504
4826,58506
4827,58509
4828,58513
4829,58517
4830,91289
4831,58524
4832,100131997
4833,25759
4834,58529
4835,58530
4836,25763
4837,25764
4838,58533
4839,25766
4840,25776
4841,222389
4842,25788
4843,25796
4844,25797
4845,25801
4846,25804
4847,255180
4848,25806
4849,25816
4850,255193
4851,25824
4852,25828
4853,25830
4854,91368
4855,91369
4856,25839
4857,25842
4858,25844
4859,124149
4860,25847
4861,25849
4862,25851
4863,91392
4864,25861
4865,25862
4866,255239
4867,91404
4868,91408
4869,25876
4870,25885
4871,25888
4872,25894
4873,25895
4874,25901
4875,25906
4876,91445
4877,25911
4878,25915
4879,124220
4880,25924
4881,25925
4882,25927
4883,91464
4884,25937
4885,222546
4886,25940
4887,25945
4888,25959
4889,25972
4890,25975
4891,25977
4892,91522
4893,255374
4894,25999
4895,26002
4896,26003
4897,91544
4898,26009
4899,26012
4900,26020
4901,26022
4902,26024
4903,26031
4904,222642
4905,222643
4906,26036
4907,26034
4908,26039
4909,26040
4910,26043
4911,91582
4912,222659
4913,26053
4914,222662
4915,26060
4916,26061
4917,26063
4918,26071
4919,91608
4920,26073
4921,26088
4922,222696
4923,91624
4924,26097
4925,26100
4926,124404
4927,100132341
4928,124411
4929,91647
4930,91653
4931,26119
4932,26121
4933,26127
4934,26135
4935,26138
4936,26147
4937,26152
4938,26153
4939,124460
4940,91694
4941,26165
4942,91703
4943,26168
4944,386617
4945,386618
4946,26191
4947,91734
4948,26205
4949,26206
4950,26207
4951,91746
4952,91750
4953,58986
4954,222826
4955,26224
4956,386672
4957,386674
4958,386675
4959,26228
4960,386677
4961,386678
4962,26231
4963,26232
4964,386680
4965,26234
4966,386681
4967,386683
4968,386684
4969,386682
4970,26239
4971,26240
4972,124540
4973,26249
4974,255631
4975,26258
4976,26263
4977,26270
4978,26273
4979,26276
4980,26284
4981,222894
4982,26287
4983,26291
4984,26333
4985,91875
4986,26353
4987,91893
4988,255758
4989,91949
4990,255809
4991,26468
4992,26470
4993,124790
4994,157567
4995,157570
4996,255877
4997,157574
4998,26505
4999,59274
5000,26507
5001,26508
5002,59277
5003,26511
5004,26525
5005,92070
5006,157638
5007,92105
5008,92106
5009,59339
5010,26575
5011,59343
5012,26578
5013,26579
5014,26580
5015,59349
5016,387032
5017,26585
5018,92129
5019,26609
5020,92154
5021,124923
5022,124925
5023,124935
5024,92170
5025,124944
5026,124961
5027,26658
5028,387119
5029,157773
5030,157777
5031,100132979
5032,26740
5033,92283
5034,26749
5035,256126
5036,26751
5037,92345
5038,125115
5039,387264
5040,387266
5041,387267
5042,125144
5043,157922
5044,92399
5045,125170
5046,26873
5047,256281
5048,256302
5049,26952
5050,26953
5051,256329
5052,26984
5053,26985
5054,256364
5055,256369
5056,26994
5057,158067
5058,26993
5059,27005
5060,27010
5061,27018
5062,27033
5063,27037
5064,27040
5065,27042
5066,92595
5067,92597
5068,27063
5069,27065
5070,92610
5071,387522
5072,27095
5073,27106
5074,27111
5075,27123
5076,27124
5077,27128
5078,27129
5079,27131
5080,27132
5081,92667
5082,27153
5083,92689
5084,27156
5085,27158
5086,27159
5087,27165
5088,92703
5089,92714
5090,27185
5091,92736
5092,158293
5093,158297
5094,27229
5095,27230
5096,27232
5097,27236
5098,27237
5099,27238
5100,27239
5101,27242
5102,27246
5103,27247
5104,27250
5105,27254
5106,27257
5107,27258
5108,92799
5109,256646
5110,92815
5111,27284
5112,92822
5113,27287
5114,92840
5115,27306
5116,387755
5117,27309
5118,27314
5119,27315
5120,27316
5121,92856
5122,27324
5123,158399
5124,387778
5125,158405
5126,27342
5127,27343
5128,27346
5129,27350
5130,27351
5131,27352
5132,158427
5133,92906
5134,100526836
5135,387849
5136,387856
5137,27430
5138,27434
5139,158506
5140,92999
5141,387923
5142,158572
5143,387990
5144,60314
5145,93082
5146,93099
5147,125875
5148,60370
5149,93145
5150,125919
5151,60385
5152,93185
5153,388121
5154,388135
5155,125997
5156,93233
5157,126003
5158,60468
5159,126006
5160,158787
5161,60484
5162,60485
5163,60490
5164,60491
5165,60493
5166,257101
5167,158798
5168,60496
5169,158809
5170,93273
5171,60506
5172,60529
5173,126069
5174,126070
5175,257144
5176,257160
5177,93323
5178,60560
5179,60561
5180,158866
5181,93343
5182,126119
5183,388272
5184,60592
5185,257202
5186,126133
5187,60626
5188,257236
5189,388324
5190,388325
5191,388333
5192,388336
5193,93426
5194,60672
5195,60680
5196,60682
5197,60685
5198,93474
5199,388387
5200,159013
5201,388389
5202,93487
5203,388403
5204,388407
5205,126272
5206,126282
5207,257364
5208,126326
5209,126328
5210,159119
5211,126353
5212,93587
5213,126364
5214,388512
5215,126375
5216,93611
5217,126382
5218,93621
5219,126393
5220,159163
5221,126402
5222,93643
5223,159195
5224,126433
5225,388588
5226,388633
5227,126526
5228,388677
5229,388695
5230,257629
5231,388701
5232,126626
5233,126669
5234,388818
5235,28387
5236,126695
5237,388882
5238,93986
5239,94005
5240,94039
5241,388951
5242,388962
5243,126823
5244,94056
5245,388969
5246,126868
5247,94107
5248,94121
5249,94122
5250,94134
5251,159686
5252,389084
5253,126961
5254,126969
5255,389114
5256,389136
5257,100134934
5258,94241
5259,389207
5260,28793
5261,28796
5262,28815
5263,28823
5264,192666
5265,553115
5266,192683
5267,389336
5268,159989
5269,389383
5270,127253
5271,28951
5272,28952
5273,28955
5274,28956
5275,28970
5276,28971
5277,28978
5278,28983
5279,28985
5280,28986
5281,28988
5282,127294
5283,28992
5284,160065
5285,28999
5286,29035
5287,29057
5288,29066
5289,160140
5290,29070
5291,389524
5292,29079
5293,29080
5294,29081
5295,29082
5296,29083
5297,29086
5298,29087
5299,29090
5300,389541
5301,29094
5302,29099
5303,389549
5304,29105
5305,29106
5306,29107
5307,29109
5308,29113
5309,29115
5310,29116
5311,29117
5312,29118
5313,29119
5314,29124
5315,127428
5316,29127
5317,389677
5318,127540
5319,389741
5320,389766
5321,160419
5322,127665
5323,389812
5324,127687
5325,389834
5326,127703
5327,127829
5328,127933
5329,160824
5330,29761
5331,29763
5332,29775
5333,29777
5334,29785
5335,259173
5336,29800
5337,29801
5338,29843
5339,259234
5340,259236
5341,29882
5342,29883
5343,29886
5344,29887
5345,29890
5346,29899
5347,29903
5348,128209
5349,29907
5350,29911
5351,29916
5352,554206
5353,29922
5354,29924
5355,29925
5356,29926
5357,128229
5358,29928
5359,29934
5360,29941
5361,29944
5362,29946
5363,29947
5364,29948
5365,29950
5366,29959
5367,554251
5368,29965
5369,29966
5370,128272
5371,29970
5372,29974
5373,29978
5374,29979
5375,29990
5376,29992
5377,29993
5378,29994
5379,29997
5380,30000
5381,30008
5382,30011
5383,30012
5384,30014
5385,161145
5386,390535
5387,128408
5388,128439
5389,161253
5390,128488
5391,128553
5392,63027
5393,128602
5394,390792
5395,652968
5396,652972
5397,161514
5398,161582
5399,128821
5400,653121
5401,128869
5402,128872
5403,653166
5404,653240
5405,391104
5406,161742
5407,128977
5408,129049
5409,161829
5410,653361
5411,391257
5412,653404
5413,30818
5414,30820
5415,30827
5416,30832
5417,30834
5418,30835
5419,30836
5420,30837
5421,129138
5422,30845
5423,30848
5424,30850
5425,653499
5426,129303
5427,63826
5428,260436
5429,96597
5430,162137
5431,96626
5432,653687
5433,653689
5434,129401
5435,63874
5436,63876
5437,63892
5438,63893
5439,63894
5440,63898
5441,63904
5442,63908
5443,63915
5444,63920
5445,63928
5446,63934
5447,162239
5448,63940
5449,63948
5450,63971
5451,63976
5452,63978
5453,653808
5454,129531
5455,162333
5456,391723
5457,64061
5458,64080
5459,64081
5460,64090
5461,64093
5462,64094
5463,64098
5464,64102
5465,64105
5466,64108
5467,64110
5468,64111
5469,64112
5470,64118
5471,162427
5472,64129
5473,64130
5474,64135
5475,64145
5476,64147
5477,64168
5478,64170
5479,64184
5480,326343
5481,162517
5482,64219
5483,64220
5484,64221
5485,64224
5486,162540
5487,129807
5488,64285
5489,129831
5490,162605
5491,64320
5492,64324
5493,162632
5494,129868
5495,64333
5496,64375
5497,162681
5498,64386
5499,64393
5500,64395
5501,64396
5502,64398
5503,64400
5504,654231
5505,64411
5506,64422
5507,64426
5508,130026
5509,64518
5510,654346
5511,130074
5512,64581
5513,130132
5514,64598
5515,64599
5516,392307
5517,64641
5518,64648
5519,64651
5520,654483
5521,64663
5522,162968
5523,392360
5524,64689
5525,64708
5526,130271
5527,64744
5528,64745
5529,163050
5530,64750
5531,64753
5532,163059
5533,64755
5534,64762
5535,64763
5536,163071
5537,64769
5538,64770
5539,163081
5540,64778
5541,64781
5542,64782
5543,64783
5544,64785
5545,64786
5546,64793
5547,64800
5548,64802
5549,130340
5550,130355
5551,64841
5552,64844
5553,163154
5554,64853
5555,64857
5556,64859
5557,64860
5558,64866
5559,359787
5560,163183
5561,163227
5562,64926
5563,64927
5564,64946
5565,64968
5566,64976
5567,64978
5568,196051
5569,196074
5570,65003
5571,130540
5572,65005
5573,65008
5574,65009
5575,130557
5576,130560
5577,65056
5578,130617
5579,65082
5580,65095
5581,65117
5582,65125
5583,163486
5584,65220
5585,65263
5586,65264
5587,65265
5588,130813
5589,196374
5590,196403
5591,196441
5592,130916
5593,163688
5594,196472
5595,196477
5596,196483
5597,130951
5598,196500
5599,163742
5600,196513
5601,196541
5602,163782
5603,131034
