,Entity_ID
0,DB04817
1,DB06069
2,DB09028
3,O00204
4,DB01401
5,DB00690
6,DB01122
7,DB08248
8,DB01157
9,DB04322
10,P08631
11,P42685
12,DB00301
13,Q6NS38
14,DB07642
15,DB01551
16,DB06924
17,Q96BI3
18,DB04727
19,DB02754
20,Q04760
21,O43548
22,DB01777
23,DB07148
24,DB05595
25,DB07470
26,Q03403
27,P04637
28,DB03896
29,Q9Y5Y6
30,Q9Y4U1
31,O14735
32,DB00892
33,DB06201
34,DB05309
35,Q9NZD2
36,DB07529
37,DB01576
38,O15460
39,DB07203
40,O95749
41,DB08930
42,P12277
43,DB07318
44,DB07387
45,DB07903
46,P46439
47,DB00716
48,Q9UNQ0
49,DB07930
50,DB08675
51,P45877
52,DB08299
53,DB08198
54,DB07422
55,Q08881
56,O60706
57,DB06693
58,DB00130
59,DB07601
60,DB08449
61,DB04409
62,P07225
63,P19429
64,DB04276
65,DB00266
66,DB07115
67,Q9HCP0
68,DB07561
69,P10828
70,DB04005
71,Q9H6Z9
72,O75900
73,DB08537
74,P43119
75,DB03824
76,P31153
77,DB01351
78,P24666
79,P22557
80,DB00092
81,DB06725
82,DB07369
83,DB07125
84,P13688
85,DB04178
86,P20810
87,P13569
88,P48443
89,DB07358
90,Q9H306
91,P45880
92,DB00248
93,DB04251
94,DB01800
95,P11086
96,DB04919
97,DB07520
98,P04632
99,P23368
100,P19835
101,DB04585
102,DB01580
103,DB00983
104,DB01567
105,DB08296
106,P11586
107,DB07489
108,P61925
109,Q15796
110,Q9Y234
111,DB03759
112,P35218
113,P63000
114,P07814
115,DB07834
116,Q13003
117,P47871
118,DB07016
119,DB05443
120,DB08382
121,P49763
122,DB03404
123,DB00135
124,DB06941
125,DB08826
126,DB00429
127,DB05793
128,DB08786
129,Q16850
130,DB07323
131,DB04574
132,P54855
133,DB00509
134,DB03294
135,Q701N4
136,P18847
137,DB00724
138,DB08388
139,P49247
140,P52788
141,P37173
142,DB03809
143,DB07177
144,P15538
145,DB03085
146,DB00010
147,P01019
148,P59796
149,DB01284
150,Q04759
151,Q01064
152,DB00802
153,DB04639
154,P62158
155,P01877
156,DB04786
157,DB08333
158,DB03708
159,DB07082
160,DB07906
161,P10515
162,DB05219
163,DB07236
164,DB05767
165,DB01963
166,DB00855
167,DB08214
168,DB00365
169,Q16478
170,Q08426
171,Q9UGM6
172,DB00504
173,DB02132
174,DB07946
175,DB00517
176,DB08673
177,P78348
178,DB05457
179,DB01170
180,DB00861
181,Q16566
182,DB04074
183,DB03279
184,DB00335
185,Q9Y285
186,DB02336
187,DB03928
188,O75865
189,DB03709
190,DB06858
191,DB04235
192,P80188
193,DB07827
194,DB05142
195,P30872
196,DB03890
197,Q92934
198,P15692
199,Q6UWP2
200,DB01177
201,DB09047
202,P06732
203,DB05147
204,P02792
205,P01574
206,DB00162
207,DB02058
208,DB00998
209,P00403
210,DB01211
211,DB00445
212,DB01032
213,DB06727
214,DB02620
215,DB00768
216,DB02594
217,DB01159
218,DB03008
219,DB01388
220,P14868
221,Q05315
222,DB00800
223,DB07134
224,P48651
225,DB02189
226,DB07459
227,DB01620
228,P17787
229,DB08011
230,DB02431
231,P08246
232,Q9UM07
233,DB08065
234,DB00313
235,Q15382
236,DB05217
237,DB01809
238,DB02299
239,P62136
240,Q9BQB6
241,DB05359
242,DB02988
243,Q9Y2Q3
244,DB03183
245,DB05920
246,DB00675
247,DB04579
248,Q99584
249,DB08765
250,DB05578
251,DB00431
252,DB01647
253,DB03405
254,Q96SL4
255,DB07534
256,DB04273
257,Q8N543
258,DB02418
259,DB00296
260,DB05314
261,DB08466
262,P20248
263,DB04768
264,P60880
265,DB04612
266,P31994
267,DB01632
268,DB01960
269,DB08329
270,DB09128
271,P39905
272,DB01240
273,DB04824
274,P14784
275,DB07194
276,DB01005
277,DB04697
278,DB00991
279,P01130
280,DB06956
281,DB01190
282,P02743
283,DB00138
284,DB08566
285,DB00978
286,DB04136
287,DB04942
288,O94760
289,Q13621
290,DB06697
291,DB06151
292,P00749
293,DB07932
294,DB08037
295,DB01081
296,DB08358
297,DB01765
298,DB01089
299,DB03032
300,DB07129
301,DB06979
302,DB02056
303,DB07106
304,Q15075
305,P42126
306,DB07406
307,DB00473
308,DB03788
309,P04234
310,DB07364
311,O43181
312,DB08386
313,DB01712
314,DB01217
315,DB04783
316,DB03434
317,P10768
318,DB05451
319,DB00279
320,Q16222
321,DB00956
322,DB08224
323,P25789
324,DB00964
325,DB06936
326,DB02201
327,DB07508
328,DB05816
329,DB05369
330,DB01252
331,DB01880
332,DB07712
333,O43741
334,DB07231
335,P51580
336,DB09048
337,DB03900
338,DB08202
339,DB03372
340,DB01104
341,DB03598
342,O00141
343,DB07902
344,DB02462
345,P25103
346,DB07264
347,DB00272
348,DB01442
349,DB05324
350,DB04793
351,Q9BYV1
352,DB07061
353,DB07054
354,DB02216
355,P00558
356,DB08641
357,P28331
358,DB03923
359,DB07321
360,DB02721
361,P08913
362,DB08217
363,P49327
364,DB07866
365,DB00211
366,Q9UHA3
367,DB04662
368,P09382
369,P08173
370,DB01192
371,DB03626
372,DB04495
373,DB01101
374,DB08326
375,DB07232
376,DB04795
377,DB06940
378,Q99259
379,P48066
380,DB08737
381,DB07328
382,Q86VB7
383,DB05254
384,DB01436
385,DB02072
386,DB08015
387,DB08175
388,P15291
389,P07766
390,DB01209
391,DB04629
392,O94808
393,DB01043
394,DB01045
395,DB05190
396,DB01472
397,P35408
398,DB08818
399,DB04331
400,P51160
401,DB00066
402,DB04172
403,DB01433
404,P00742
405,DB04187
406,DB00231
407,P0CG22
408,DB00719
409,DB00105
410,O95342
411,DB05655
412,Q16798
413,DB08614
414,Q9BYF1
415,O75390
416,DB08742
417,DB08903
418,DB01827
419,DB03227
420,DB04487
421,DB00607
422,Q13183
423,DB08378
424,DB07257
425,DB07104
426,Q13936
427,P08865
428,DB07801
429,DB06216
430,DB07877
431,DB04934
432,Q99835
433,DB09217
434,Q8IWU9
435,DB00013
436,DB06830
437,P33121
438,DB04080
439,DB01893
440,Q02338
441,DB01161
442,DB00047
443,DB08906
444,DB06757
445,P49916
446,O43272
447,P00326
448,DB07851
449,P28472
450,DB07771
451,DB03447
452,DB02562
453,DB07280
454,DB06756
455,DB00337
456,P19793
457,DB00623
458,DB00238
459,DB03487
460,DB06927
461,DB00631
462,DB00230
463,DB08894
464,Q96P88
465,DB00844
466,DB07235
467,DB00898
468,P20701
469,Q9NPA1
470,DB01239
471,DB04681
472,DB02932
473,P61769
474,DB04230
475,P40939
476,DB05130
477,DB07916
478,DB02221
479,DB09075
480,DB07433
481,Q15738
482,DB07160
483,DB00067
484,DB00386
485,P51788
486,DB01571
487,DB00029
488,DB07854
489,DB01036
490,DB05062
491,P11229
492,Q9Y5Y9
493,P41595
494,P00367
495,DB08238
496,DB08763
497,DB07750
498,DB06861
499,DB07022
500,DB00227
501,DB04315
502,Q9Y6K9
503,DB03485
504,DB08624
505,DB00515
506,DB00151
507,DB03466
508,DB07887
509,DB02115
510,Q13564
511,DB02395
512,DB05399
513,DB07660
514,DB00620
515,DB07567
516,DB00884
517,DB00905
518,DB05303
519,DB00302
520,DB02142
521,P25021
522,DB04069
523,Q9UGN5
524,DB04832
525,DB01214
526,P06493
527,P08620
528,DB08575
529,DB03024
530,DB00363
531,P78330
532,DB08498
533,DB00343
534,DB07485
535,Q9NY59
536,Q9HAN9
537,DB06404
538,DB00589
539,DB08493
540,Q13554
541,DB01091
542,DB07883
543,DB06925
544,DB09069
545,DB01544
546,DB00021
547,DB02197
548,Q8IUR0
549,Q9NWT6
550,DB04825
551,DB00661
552,DB03158
553,DB03444
554,DB02553
555,DB00487
556,DB01222
557,DB03635
558,DB00112
559,O95865
560,O75015
561,DB00449
562,P27144
563,Q00975
564,DB00643
565,DB01643
566,DB00698
567,DB00118
568,DB01068
569,P19367
570,P05362
571,DB00655
572,DB07574
573,O43174
574,DB04831
575,P59768
576,Q8NI22
577,DB06817
578,DB07268
579,DB08912
580,DB00825
581,DB04418
582,DB07220
583,DB01871
584,DB01693
585,Q9UGJ0
586,DB00917
587,DB05657
588,DB00886
589,P12318
590,DB02262
591,DB01760
592,P10109
593,DB00144
594,DB01836
595,DB06766
596,DB01767
597,Q96GD0
598,O00329
599,P22413
600,Q03181
601,DB08538
602,DB00821
603,DB02354
604,DB00264
605,Q9NTG7
606,P14550
607,DB00038
608,DB00587
609,DB00235
610,DB05150
611,DB02239
612,DB04951
613,DB00629
614,DB07092
615,Q6VVX0
616,O60551
617,DB04318
618,DB05025
619,DB00745
620,P15260
621,DB01917
622,DB07648
623,DB07088
624,DB03882
625,O43739
626,Q15788
627,DB03606
628,Q9BXA5
629,DB01619
630,P00568
631,P68133
632,DB03701
633,DB05319
634,DB04367
635,DB08784
636,DB00718
637,P22888
638,DB06888
639,Q96IY4
640,DB01562
641,DB01961
642,DB08092
643,DB00333
644,DB00032
645,DB01696
646,P27338
647,Q86Y39
648,DB00419
649,DB03062
650,DB01810
651,DB08774
652,DB00086
653,DB08755
654,P49721
655,DB09029
656,DB07981
657,DB03479
658,Q06520
659,DB07127
660,Q9P2W7
661,DB03217
662,P29120
663,P13612
664,DB02837
665,DB07905
666,DB00275
667,DB02757
668,DB04915
669,Q9H252
670,DB06401
671,DB02604
672,DB00192
673,DB04869
674,DB04001
675,DB01333
676,P35914
677,DB03133
678,DB00753
679,Q15067
680,DB07037
681,DB02662
682,DB02530
683,DB00250
684,DB08436
685,DB01940
686,DB07410
687,DB05269
688,P34897
689,P27815
690,DB00691
691,DB08450
692,P07602
693,DB09063
694,Q8IZS8
695,Q9UKM7
696,DB01007
697,DB08246
698,DB00254
699,DB08295
700,DB06709
701,DB07388
702,DB06891
703,DB03006
704,DB06880
705,DB02877
706,DB08099
707,P17612
708,P05451
709,DB01205
710,DB06414
711,DB00672
712,DB07033
713,DB04345
714,P29460
715,P21281
716,DB07651
717,P08686
718,DB08399
719,DB04404
720,P68363
721,DB09076
722,DB06243
723,DB04673
724,DB00139
725,DB00832
726,P47929
727,O00483
728,DB01348
729,DB02285
730,DB04622
731,DB01255
732,P27707
733,Q8IWL2
734,Q02643
735,DB06292
736,DB01055
737,DB07708
738,DB00346
739,DB08351
740,DB02266
741,P30519
742,DB08883
743,DB00845
744,DB00798
745,DB08904
746,P08758
747,P08588
748,DB00168
749,DB01073
750,P04731
751,DB08082
752,DB01559
753,Q05397
754,P16473
755,DB06267
756,DB08137
757,Q96EM0
758,DB00559
759,Q13557
760,P34995
761,DB08187
762,DB01210
763,P04183
764,Q16654
765,Q969I3
766,O75600
767,DB05149
768,DB06077
769,O43612
770,DB04006
771,P16410
772,O60678
773,DB02148
774,DB07167
775,P43235
776,DB01144
777,DB00026
778,DB08123
779,DB03737
780,DB05265
781,DB01228
782,DB08302
783,DB03175
784,DB03591
785,DB07453
786,P06310
787,O14646
788,P16220
789,DB00218
790,DB02105
791,DB01212
792,DB00707
793,DB02602
794,DB05366
795,DB02774
796,Q02252
797,DB09102
798,P41743
799,DB01075
800,DB02773
801,DB06820
802,DB04282
803,Q14123
804,Q16099
805,DB08738
806,DB03127
807,DB04312
808,DB05094
809,DB08322
810,DB02646
811,DB00984
812,P27816
813,DB07180
814,O60264
815,P17302
816,DB07587
817,P08887
818,DB00284
819,DB02659
820,DB02587
821,DB01689
822,DB00435
823,Q14697
824,DB00490
825,DB07542
826,P16070
827,DB00071
828,DB08208
829,Q9Y6L7
830,DB00160
831,DB08374
832,DB07023
833,DB07618
834,P49821
835,DB00838
836,DB02821
837,DB02889
838,P15502
839,Q9Y666
840,DB07246
841,DB01235
842,DB04271
843,DB05110
844,P30049
845,P50897
846,DB00391
847,P09917
848,DB02375
849,P53355
850,DB01579
851,DB07730
852,DB08197
853,DB05758
854,DB06912
855,DB00308
856,DB03773
857,DB05023
858,DB07563
859,P17600
860,DB08230
861,DB02556
862,DB07206
863,DB03519
864,DB07345
865,DB07644
866,DB06144
867,DB01166
868,DB04081
869,Q96RQ3
870,P08172
871,DB05165
872,Q9HCS2
873,P15954
874,DB07397
875,P32238
876,DB06932
877,DB01615
878,DB07917
879,DB00389
880,DB01564
881,DB07778
882,P25100
883,P43005
884,DB00751
885,DB07405
886,P38435
887,Q9UDX3
888,DB03083
889,DB07907
890,P78368
891,P29317
892,P51649
893,DB07198
894,P36542
895,DB00356
896,DB02035
897,DB03526
898,DB05041
899,DB01587
900,DB01612
901,DB03978
902,DB03884
903,Q6PKH6
904,DB08530
905,P20783
906,DB06882
907,P0DJI8
908,DB09051
909,Q9NPA2
910,O60779
911,DB08526
912,DB01684
913,DB07431
914,DB08339
915,DB05039
916,DB02539
917,DB01006
918,P16152
919,Q02750
920,P04062
921,Q9GZU7
922,P78536
923,DB08626
924,DB05249
925,DB00636
926,DB01347
927,DB07330
928,DB03643
929,P22033
930,P23528
931,DB04513
932,P46926
933,DB07687
934,DB04514
935,DB09030
936,DB01355
937,Q00169
938,DB00440
939,DB03822
940,P14618
941,P02461
942,P48051
943,DB08674
944,DB05220
945,P23467
946,P99999
947,P07858
948,DB07670
949,DB07665
950,DB03893
951,DB02217
952,DB01148
953,DB01137
954,DB00644
955,Q9NZK7
956,DB07899
957,P07864
958,DB00865
959,Q9NSA2
960,DB07873
961,P80404
962,Q8WVQ1
963,DB08293
964,DB06729
965,DB07763
966,DB07488
967,P09874
968,DB02936
969,DB01025
970,Q7Z4W1
971,P60900
972,P07477
973,DB00528
974,DB08677
975,DB04876
976,Q13464
977,DB02452
978,DB03314
979,DB01203
980,O00763
981,DB08933
982,DB04828
983,DB05341
984,Q8WXA8
985,DB00368
986,DB00621
987,DB04714
988,Q7L5Y9
989,DB07479
990,DB01962
991,DB09207
992,P49789
993,DB01979
994,DB07856
995,DB04982
996,DB08532
997,P20061
998,DB00804
999,DB02426
1000,O15528
1001,DB07444
1002,DB00098
1003,DB01625
1004,DB02098
1005,DB00400
1006,DB03035
1007,DB07202
1008,DB07428
1009,DB00901
1010,Q14003
1011,DB05408
1012,P01906
1013,DB07842
1014,DB00432
1015,DB03379
1016,DB04781
1017,DB07164
1018,DB07738
1019,DB00291
1020,O75891
1021,DB07974
1022,DB07638
1023,DB07317
1024,Q15080
1025,P06280
1026,P30532
1027,P10145
1028,DB07457
1029,DB07458
1030,DB04397
1031,DB07299
1032,DB00450
1033,DB05488
1034,Q8WTS6
1035,P01100
1036,DB03120
1037,DB04739
1038,DB08746
1039,P01579
1040,DB01182
1041,DB00806
1042,DB04459
1043,Q02763
1044,DB08140
1045,DB08133
1046,DB06877
1047,Q16719
1048,P62714
1049,DB00207
1050,Q96LB9
1051,DB00097
1052,DB00854
1053,O60939
1054,DB01171
1055,P52848
1056,DB05295
1057,DB07002
1058,P08684
1059,DB00641
1060,DB00327
1061,DB04186
1062,DB07922
1063,DB00200
1064,Q16558
1065,DB03130
1066,Q96HD9
1067,DB04895
1068,DB05194
1069,DB08596
1070,DB00018
1071,DB00485
1072,DB00309
1073,P02795
1074,DB04057
1075,DB06898
1076,DB05017
1077,Q96QU6
1078,Q9BZX2
1079,P00156
1080,DB04700
1081,DB00588
1082,DB07412
1083,DB01644
1084,DB08357
1085,Q14520
1086,DB03271
1087,DB02908
1088,Q16539
1089,DB02696
1090,P16109
1091,DB09143
1092,DB02820
1093,DB00792
1094,P11142
1095,DB02457
1096,DB06926
1097,DB08520
1098,DB07739
1099,Q6ZQY3
1100,DB03135
1101,DB07101
1102,DB00952
1103,P48147
1104,P06731
1105,P16233
1106,DB07624
1107,DB01763
1108,DB08617
1109,DB00409
1110,P05771
1111,DB00709
1112,P16581
1113,DB07244
1114,DB04867
1115,P00488
1116,DB02545
1117,DB04864
1118,DB00247
1119,DB01488
1120,DB08157
1121,DB04391
1122,P08243
1123,P31213
1124,Q14416
1125,O75828
1126,P39900
1127,DB06655
1128,DB03542
1129,DB05262
1130,DB01087
1131,DB06977
1132,DB05364
1133,Q9ULK0
1134,DB01116
1135,DB04204
1136,DB02016
1137,DB01167
1138,DB02967
1139,DB08643
1140,DB09035
1141,DB07152
1142,DB04121
1143,P35348
1144,DB00688
1145,P05121
1146,DB00918
1147,O14983
1148,Q9UJ70
1149,DB04216
1150,A5X5Y0
1151,DB05461
1152,P45983
1153,DB01742
1154,Q99460
1155,P49747
1156,DB03044
1157,DB00494
1158,DB02468
1159,P19838
1160,DB00403
1161,DB00123
1162,O43674
1163,DB04789
1164,DB01675
1165,Q9UHC3
1166,DB07947
1167,DB07689
1168,DB02445
1169,Q7RTV2
1170,P21549
1171,DB00714
1172,DB00603
1173,DB00974
1174,DB07969
1175,DB08119
1176,DB05159
1177,DB07030
1178,P35499
1179,DB02260
1180,DB06016
1181,DB00710
1182,DB07348
1183,DB03176
1184,P35368
1185,P02794
1186,DB03483
1187,DB08151
1188,DB00582
1189,DB06835
1190,DB00253
1191,DB00081
1192,Q96C86
1193,P11137
1194,DB05283
1195,Q9UK17
1196,P08123
1197,P22459
1198,DB08491
1199,DB07495
1200,DB05505
1201,DB07557
1202,O95045
1203,DB05403
1204,P08637
1205,DB03309
1206,DB08499
1207,P45452
1208,DB08780
1209,DB03565
1210,DB07672
1211,DB00421
1212,DB06213
1213,DB05760
1214,DB08535
1215,DB03948
1216,DB00459
1217,P08311
1218,Q15758
1219,Q96CD2
1220,DB08740
1221,Q9BW91
1222,DB07625
1223,P49286
1224,DB00747
1225,DB07025
1226,DB04269
1227,DB01370
1228,P52758
1229,DB01864
1230,DB00973
1231,DB02512
1232,P04350
1233,DB06781
1234,Q9Y5R2
1235,DB04856
1236,DB00008
1237,DB05087
1238,DB03604
1239,DB07976
1240,DB08126
1241,DB00601
1242,DB07717
1243,P08473
1244,DB02045
1245,P43403
1246,DB03611
1247,P25098
1248,DB06738
1249,P37231
1250,P17568
1251,P08709
1252,DB08775
1253,DB00889
1254,DB01197
1255,DB07718
1256,P01008
1257,Q9UBN7
1258,DB00205
1259,DB02210
1260,DB06441
1261,DB04905
1262,DB01173
1263,P04156
1264,DB07527
1265,DB00740
1266,DB08218
1267,Q16831
1268,DB05080
1269,DB07400
1270,DB07513
1271,#Drug
1272,DB05198
1273,DB00195
1274,DB08231
1275,P24752
1276,DB01889
1277,Q96L21
1278,Q9UKV0
1279,DB04906
1280,DB08180
1281,DB05153
1282,P08183
1283,P48664
1284,DB00970
1285,DB07396
1286,Q5TDP6
1287,Q6UX15
1288,DB02526
1289,DB07546
1290,DB01424
1291,DB08254
1292,DB01685
1293,P04070
1294,P10276
1295,Q9ULZ9
1296,DB00476
1297,DB03731
1298,DB08429
1299,O95881
1300,DB03307
1301,DB07849
1302,DB00996
1303,DB08058
1304,DB01380
1305,DB03769
1306,O00222
1307,DB07926
1308,P16870
1309,DB02131
1310,DB08783
1311,DB01591
1312,DB04072
1313,DB07419
1314,DB06779
1315,DB03742
1316,DB03331
1317,DB00875
1318,P09848
1319,DB00819
1320,P68104
1321,DB08611
1322,DB07270
1323,Q15274
1324,DB02884
1325,DB02494
1326,DB03013
1327,DB02833
1328,DB07004
1329,DB07219
1330,DB02831
1331,DB03525
1332,DB01306
1333,P38484
1334,Q15800
1335,DB00383
1336,DB02360
1337,Q16552
1338,P25024
1339,DB08527
1340,DB04355
1341,DB05139
1342,DB04185
1343,DB04763
1344,P23381
1345,DB05391
1346,DB00017
1347,DB05506
1348,DB07267
1349,P11230
1350,DB05291
1351,P36959
1352,DB08465
1353,Q969S8
1354,DB08588
1355,DB00670
1356,Q03426
1357,P50747
1358,DB05022
1359,DB00711
1360,Q8WY07
1361,P20823
1362,DB07852
1363,DB07251
1364,DB01397
1365,Q06124
1366,DB04106
1367,DB01234
1368,DB06127
1369,DB08422
1370,DB01270
1371,DB07139
1372,P00439
1373,P04040
1374,DB03439
1375,DB04607
1376,DB08439
1377,DB02640
1378,DB07652
1379,DB02432
1380,DB08809
1381,DB00357
1382,DB00784
1383,P22830
1384,DB00624
1385,P14778
1386,DB00187
1387,Q99542
1388,DB02116
1389,DB02097
1390,DB08770
1391,DB00257
1392,DB00039
1393,DB08996
1394,DB08453
1395,DB01597
1396,DB04278
1397,DB00373
1398,Q9NPJ3
1399,P54284
1400,DB04197
1401,DB04975
1402,DB03585
1403,DB00056
1404,DB00592
1405,DB02935
1406,DB00305
1407,DB04469
1408,P30084
1409,O00459
1410,DB08406
1411,O14832
1412,P63027
1413,DB00028
1414,DB04272
1415,Q14831
1416,DB01741
1417,DB01058
1418,DB06923
1419,DB03864
1420,DB03977
1421,DB02296
1422,DB02230
1423,Q9H244
1424,Q8N5Z0
1425,DB07252
1426,DB01766
1427,DB08368
1428,DB05014
1429,P08519
1430,P47985
1431,P04150
1432,Q9HBH5
1433,DB00502
1434,DB00896
1435,DB00255
1436,DB07015
1437,DB07333
1438,DB07329
1439,DB04674
1440,DB04791
1441,DB07531
1442,DB00645
1443,P01730
1444,DB07340
1445,DB00981
1446,DB08503
1447,P33527
1448,Q9H8P0
1449,DB02745
1450,DB08836
1451,DB02720
1452,DB08098
1453,DB00411
1454,P07998
1455,Q86UW8
1456,Q96FI4
1457,P22309
1458,DB07480
1459,Q9Y691
1460,DB06218
1461,DB08039
1462,DB00818
1463,P07098
1464,DB02547
1465,DB02800
1466,P01009
1467,P05091
1468,DB07303
1469,DB00150
1470,DB07437
1471,DB08355
1472,DB07666
1473,DB00899
1474,P41252
1475,DB02419
1476,DB07598
1477,P26196
1478,DB06287
1479,DB06711
1480,DB05471
1481,DB04599
1482,DB04090
1483,P30793
1484,DB03807
1485,DB03476
1486,Q14627
1487,DB05137
1488,DB08201
1489,P35241
1490,Q8WYK2
1491,DB08899
1492,DB07278
1493,DB08153
1494,P06870
1495,P48728
1496,DB06856
1497,DB06419
1498,DB08873
1499,DB01188
1500,DB00072
1501,DB08080
1502,DB05773
1503,DB02193
1504,DB08271
1505,P28222
1506,DB01231
1507,P12931
1508,O14756
1509,DB04050
1510,P54886
1511,P51570
1512,DB04642
1513,DB08860
1514,DB08184
1515,P03956
1516,O95477
1517,DB00602
1518,P24557
1519,DB04233
1520,DB06878
1521,DB01876
1522,P04424
1523,DB03451
1524,DB01812
1525,DB07982
1526,Q99808
1527,DB00926
1528,DB02467
1529,Q4U2R8
1530,P18825
1531,DB04152
1532,DB00320
1533,P28908
1534,DB01353
1535,Q8WTV0
1536,DB01819
1537,DB08323
1538,O43923
1539,P18848
1540,DB00154
1541,P37023
1542,Q16270
1543,DB08424
1544,P49336
1545,P07585
1546,DB03633
1547,DB08692
1548,DB07159
1549,DB03336
1550,Q5JTZ9
1551,DB08361
1552,DB07051
1553,P16118
1554,P62750
1555,Q92993
1556,DB07942
1557,P07355
1558,DB02377
1559,P27169
1560,DB03984
1561,Q86WA6
1562,DB00454
1563,Q9NYK1
1564,DB03465
1565,DB08043
1566,DB01601
1567,DB00385
1568,DB02925
1569,DB04581
1570,DB03588
1571,DB02175
1572,DB06987
1573,DB05459
1574,P53667
1575,DB03909
1576,DB08599
1577,P09669
1578,DB08837
1579,DB03736
1580,DB04476
1581,P11362
1582,DB00789
1583,P49419
1584,DB07724
1585,P02818
1586,Q9NRF9
1587,DB03110
1588,DB04601
1589,Q9UKY3
1590,DB05184
1591,P06858
1592,DB07537
1593,O60909
1594,DB04472
1595,P10632
1596,DB02838
1597,DB03023
1598,DB01651
1599,Q13126
1600,Q9Y2J8
1601,DB03957
1602,DB01065
1603,DB05013
1604,DB00853
1605,DB01700
1606,DB00170
1607,DB07427
1608,P21673
1609,DB05079
1610,DB06271
1611,DB02557
1612,Q96RJ0
1613,DB07858
1614,DB01181
1615,Q8N1C3
1616,Q5T4S7
1617,DB03845
1618,O14964
1619,DB03904
1620,DB02712
1621,DB04065
1622,Q99707
1623,P00736
1624,DB02483
1625,DB01080
1626,DB08292
1627,DB07920
1628,DB01218
1629,DB07573
1630,DB01959
1631,DB05024
1632,DB03459
1633,DB07077
1634,Q9BV57
1635,DB08054
1636,DB07710
1637,Q15118
1638,P11216
1639,DB06879
1640,O95470
1641,DB01096
1642,DB05218
1643,Q9P0X4
1644,DB01972
1645,DB07980
1646,Q9NP56
1647,Q9NSA0
1648,DB00425
1649,P48058
1650,DB04516
1651,DB05046
1652,O60942
1653,DB07307
1654,DB02538
1655,DB00099
1656,DB06833
1657,DB08257
1658,P04181
1659,DB00722
1660,DB04400
1661,DB06800
1662,P17213
1663,DB02827
1664,DB04489
1665,DB08798
1666,P11511
1667,DB04588
1668,DB00398
1669,DB05824
1670,DB00153
1671,DB01821
1672,DB01049
1673,DB00180
1674,Q7Z406
1675,P19622
1676,DB00966
1677,DB02998
1678,DB00934
1679,DB03155
1680,DB02185
1681,P23560
1682,P0CG48
1683,DB07102
1684,P50416
1685,DB07839
1686,P55789
1687,DB00534
1688,DB06832
1689,Q02156
1690,P63208
1691,DB00749
1692,DB01120
1693,Q9NQS7
1694,DB04447
1695,DB07230
1696,DB01681
1697,Q9UNX9
1698,DB01622
1699,DB09292
1700,DB07711
1701,DB03539
1702,Q9Y6L6
1703,DB01444
1704,DB08654
1705,Q9NXG6
1706,DB05212
1707,P30518
1708,P30988
1709,P49189
1710,DB01128
1711,DB05875
1712,P31323
1713,DB07302
1714,DB02977
1715,DB00922
1716,DB03338
1717,DB07548
1718,DB07223
1719,DB04770
1720,DB07909
1721,DB05042
1722,DB05447
1723,DB00457
1724,DB08139
1725,Q07869
1726,DB00376
1727,Q07837
1728,DB04453
1729,DB07760
1730,Q9H4Y5
1731,DB08495
1732,DB08764
1733,DB03136
1734,DB04014
1735,DB08553
1736,DB00950
1737,P35243
1738,Q6IA69
1739,DB04608
1740,DB06366
1741,DB08808
1742,DB07597
1743,P30520
1744,P43007
1745,DB06094
1746,P51003
1747,DB04926
1748,DB00549
1749,P09668
1750,DB09046
1751,DB02726
1752,DB02930
1753,DB06770
1754,Q16760
1755,DB00541
1756,DB00287
1757,P02787
1758,DB04142
1759,Q9UQF2
1760,P62258
1761,DB02310
1762,Q6NVY1
1763,DB07737
1764,DB05492
1765,P23945
1766,DB05802
1767,Q9HBH1
1768,P51843
1769,Q99873
1770,P12314
1771,DB04008
1772,DB03456
1773,Q13426
1774,DB07255
1775,P46597
1776,DB07163
1777,P09086
1778,Q96T66
1779,DB02363
1780,P08908
1781,P05023
1782,DB08881
1783,P43088
1784,P22455
1785,DB01341
1786,DB07261
1787,Q99735
1788,P08238
1789,DB03860
1790,DB03086
1791,DB05465
1792,DB06803
1793,DB04689
1794,P35557
1795,DB06867
1796,DB00323
1797,DB02371
1798,DB05155
1799,DB06834
1800,DB06403
1801,DB07068
1802,P51178
1803,DB01426
1804,Q12866
1805,DB01160
1806,Q9Y259
1807,DB08560
1808,DB02910
1809,DB08441
1810,DB07606
1811,DB00054
1812,DB00727
1813,DB08773
1814,DB08618
1815,DB03573
1816,DB01949
1817,DB00536
1818,Q9BUF5
1819,DB08235
1820,P37058
1821,DB00685
1822,Q02817
1823,DB03096
1824,DB06689
1825,DB02300
1826,Q16775
1827,DB04617
1828,P68366
1829,P54289
1830,P48357
1831,DB08806
1832,DB00480
1833,P49720
1834,DB03783
1835,DB00738
1836,Q6PI48
1837,DB02235
1838,DB00316
1839,DB09083
1840,DB06909
1841,DB07045
1842,DB07550
1843,DB07150
1844,DB03359
1845,DB05467
1846,DB07260
1847,Q71U36
1848,DB07319
1849,DB03179
1850,P23109
1851,DB03201
1852,DB02527
1853,DB07657
1854,P19623
1855,DB02458
1856,O95363
1857,P00746
1858,P67775
1859,DB03088
1860,DB03535
1861,P40429
1862,Q99933
1863,DB04044
1864,DB06061
1865,DB02473
1866,DB03738
1867,P16444
1868,DB01127
1869,Q9UBT6
1870,Q8TC12
1871,P10646
1872,DB00310
1873,DB00864
1874,DB00312
1875,DB06866
1876,P50607
1877,DB01835
1878,DB01136
1879,DB03879
1880,DB00619
1881,O60840
1882,DB03848
1883,P29377
1884,DB02762
1885,DB01430
1886,P11712
1887,Q02641
1888,DB08233
1889,DB04537
1890,DB04675
1891,DB00654
1892,DB00881
1893,DB08001
1894,DB00890
1895,DB07000
1896,DB07577
1897,DB00133
1898,Q6NUM9
1899,DB02689
1900,DB07210
1901,DB01583
1902,DB05252
1903,DB08159
1904,DB00878
1905,O14793
1906,DB01320
1907,O95831
1908,DB08647
1909,DB08878
1910,P53004
1911,DB06317
1912,DB05111
1913,DB03367
1914,Q9Y617
1915,Q9H169
1916,DB01336
1917,DB04043
1918,DB07254
1919,DB03597
1920,P20815
1921,DB08703
1922,DB04941
1923,P37288
1924,DB00868
1925,DB01728
1926,DB08707
1927,Q9BVM4
1928,DB06268
1929,DB06096
1930,DB00107
1931,Q13427
1932,P09172
1933,DB07074
1934,P10826
1935,P31939
1936,P06576
1937,DB02047
1938,DB06822
1939,DB05713
1940,DB04956
1941,P49589
1942,Q9Y6K0
1943,DB03536
1944,DB04575
1945,DB04151
1946,DB07447
1947,DB04680
1948,DB04288
1949,DB05395
1950,P26010
1951,P49069
1952,DB03856
1953,DB03443
1954,P17050
1955,DB03195
1956,DB03722
1957,DB09272
1958,P16112
1959,DB03046
1960,DB08220
1961,DB01220
1962,DB07688
1963,Q00796
1964,P17538
1965,P04629
1966,DB04099
1967,P23975
1968,DB08693
1969,DB02811
1970,Q96Q40
1971,P06400
1972,DB03758
1973,P25116
1974,DB08897
1975,DB04902
1976,DB04369
1977,Q16762
1978,DB00186
1979,DB03621
1980,P36507
1981,DB00214
1982,DB03495
1983,DB04937
1984,DB03429
1985,DB07430
1986,DB04799
1987,DB08018
1988,DB02345
1989,Q16568
1990,DB07723
1991,DB07221
1992,DB07874
1993,DB07013
1994,DB01254
1995,DB00741
1996,DB07895
1997,DB08114
1998,DB08462
1999,DB04173
2000,P13501
2001,DB05304
2002,DB01008
2003,DB00842
2004,DB00380
2005,P62937
2006,DB03221
2007,DB00387
2008,P35503
2009,P05546
2010,DB01870
2011,O75380
2012,DB07484
2013,DB05289
2014,DB06953
2015,DB07950
2016,DB02422
2017,DB00761
2018,P32119
2019,Q9Y345
2020,Q15185
2021,DB00728
2022,O94768
2023,DB01928
2024,DB07749
2025,O00764
2026,DB05419
2027,DB00849
2028,DB02126
2029,DB01640
2030,DB00110
2031,O60493
2032,P40261
2033,DB01018
2034,Q9HAW7
2035,DB00524
2036,DB08789
2037,DB06089
2038,DB04774
2039,DB06845
2040,DB00381
2041,DB07544
2042,DB02964
2043,DB04307
2044,P42263
2045,DB04760
2046,DB02008
2047,Q96RQ9
2048,O95864
2049,DB03070
2050,DB01107
2051,DB04835
2052,DB07562
2053,DB02779
2054,O96017
2055,DB05362
2056,P48547
2057,O15554
2058,P12883
2059,DB05475
2060,DB00228
2061,DB08561
2062,DB01737
2063,Q9Y5Y4
2064,P23280
2065,O43920
2066,Q9H853
2067,DB08147
2068,DB04932
2069,Q9Y257
2070,DB02519
2071,Q9NS18
2072,P25774
2073,P06730
2074,DB05797
2075,DB00999
2076,DB02541
2077,Q9Y698
2078,DB06714
2079,DB01183
2080,Q13748
2081,Q9NVS9
2082,DB01288
2083,DB01010
2084,DB08651
2085,DB02848
2086,Q13332
2087,DB07105
2088,O00187
2089,DB07165
2090,DB09280
2091,Q53H96
2092,DB01063
2093,DB07675
2094,DB00082
2095,Q14833
2096,DB07540
2097,DB01264
2098,P32321
2099,DB09031
2100,DB02218
2101,P07686
2102,Q9UQD0
2103,P49257
2104,Q9BVG9
2105,Q16698
2106,Q8NBN7
2107,Q8TDS4
2108,Q99519
2109,DB07812
2110,P32745
2111,DB07286
2112,DB00744
2113,DB04285
2114,DB02731
2115,DB01966
2116,DB08705
2117,P35749
2118,P33316
2119,DB02325
2120,DB03154
2121,DB01590
2122,DB02796
2123,DB01363
2124,DB02435
2125,O76082
2126,DB07764
2127,DB04218
2128,DB07811
2129,Q92637
2130,DB01084
2131,P55072
2132,P18545
2133,DB04224
2134,DB07087
2135,DB00699
2136,P49759
2137,DB05316
2138,DB00704
2139,DB00062
2140,DB02090
2141,DB05750
2142,A8MPY1
2143,DB01162
2144,DB01132
2145,DB01076
2146,DB00989
2147,P19224
2148,DB00234
2149,P29275
2150,DB03696
2151,DB06813
2152,P51686
2153,DB00113
2154,DB08078
2155,O15145
2156,DB01296
2157,DB09016
2158,DB02054
2159,DB01614
2160,Q16853
2161,DB03150
2162,DB07586
2163,DB07617
2164,Q9Y6F1
2165,P10415
2166,DB02429
2167,DB05774
2168,DB03637
2169,DB02742
2170,Q99928
2171,DB08113
2172,Q13639
2173,P47895
2174,O60547
2175,DB05099
2176,DB03328
2177,Q7Z2W7
2178,P51800
2179,DB07208
2180,P52732
2181,DB07124
2182,DB06996
2183,DB07039
2184,DB03182
2185,DB07838
2186,DB03153
2187,DB05203
2188,DB00068
2189,O14764
2190,DB01133
2191,P00750
2192,DB00946
2193,DB00630
2194,DB02018
2195,P30536
2196,P22894
2197,DB06274
2198,DB02643
2199,DB01034
2200,P59998
2201,P22102
2202,P23434
2203,DB05846
2204,DB07702
2205,DB03516
2206,DB04758
2207,DB00094
2208,Q14541
2209,Q6N063
2210,DB00051
2211,DB08918
2212,DB05001
2213,DB08332
2214,DB07189
2215,P20963
2216,DB07863
2217,Q15078
2218,DB01594
2219,DB01088
2220,DB01723
2221,DB00585
2222,DB07681
2223,DB02580
2224,DB06716
2225,DB00194
2226,DB02485
2227,Q9UL51
2228,DB00282
2229,DB02084
2230,DB04707
2231,Q08462
2232,DB07535
2233,DB06989
2234,O15143
2235,O96000
2236,P41146
2237,P26572
2238,DB04426
2239,DB02236
2240,Q12882
2241,DB08028
2242,DB03568
2243,DB01216
2244,DB04474
2245,DB04200
2246,Q9HCC0
2247,P43405
2248,DB06853
2249,DB02510
2250,DB01232
2251,DB04805
2252,P15086
2253,DB08346
2254,DB04281
2255,DB03194
2256,DB05801
2257,DB01988
2258,DB08149
2259,DB04166
2260,DB04925
2261,DB00982
2262,DB01085
2263,Q9UJ68
2264,DB04017
2265,DB03310
2266,DB04841
2267,DB08132
2268,DB08492
2269,DB06887
2270,DB01645
2271,DB08262
2272,DB04879
2273,DB05264
2274,DB01100
2275,O43525
2276,P69905
2277,DB04058
2278,DB08661
2279,DB03892
2280,DB04436
2281,DB00122
2282,DB07832
2283,DB00924
2284,P07359
2285,DB00725
2286,DB05045
2287,DB08608
2288,P28335
2289,DB09078
2290,DB07594
2291,P23415
2292,DB00893
2293,DB01338
2294,Q15120
2295,DB01373
2296,P01137
2297,DB00958
2298,DB06695
2299,DB04203
2300,DB02309
2301,DB08550
2302,DB03703
2303,DB00242
2304,DB05049
2305,DB00007
2306,DB00604
2307,DB00189
2308,Q9NPD5
2309,DB02895
2310,DB09302
2311,Q96GD4
2312,DB00513
2313,O15269
2314,DB01130
2315,DB02359
2316,DB02504
2317,DB00992
2318,P68400
2319,DB06854
2320,DB02396
2321,DB00183
2322,Q70Z44
2323,P54710
2324,DB04837
2325,DB08035
2326,DB08195
2327,P36952
2328,DB03403
2329,DB02624
2330,DB05191
2331,O75306
2332,DB07086
2333,DB00980
2334,P84098
2335,DB08061
2336,DB03477
2337,P11802
2338,P52961
2339,DB07298
2340,P35520
2341,DB04800
2342,DB05278
2343,P06746
2344,DB02987
2345,DB01407
2346,DB04395
2347,Q13200
2348,DB08234
2349,DB07446
2350,DB04327
2351,Q9P2R7
2352,DB05464
2353,DB03414
2354,P35346
2355,DB00963
2356,DB00656
2357,O14939
2358,P27797
2359,DB05838
2360,P11413
2361,Q03393
2362,DB01185
2363,DB03801
2364,DB08021
2365,P43220
2366,Q16795
2367,P05165
2368,Q9UNA0
2369,Q14571
2370,P54802
2371,DB07530
2372,Q13255
2373,Q9Y277
2374,P05162
2375,DB00141
2376,DB01069
2377,DB00668
2378,DB07187
2379,DB00932
2380,DB00208
2381,DB01020
2382,DB01863
2383,DB03721
2384,DB04485
2385,Q6UWM7
2386,P11678
2387,DB04664
2388,DB08794
2389,DB05305
2390,DB06702
2391,DB05413
2392,P12235
2393,O14763
2394,P42338
2395,DB04618
2396,DB07655
2397,Q9Y296
2398,DB04297
2399,DB03059
2400,DB06726
2401,P21980
2402,DB05892
2403,O15239
2404,DB07596
2405,DB07830
2406,DB01186
2407,DB01236
2408,O43676
2409,DB07613
2410,P63096
2411,DB05338
2412,DB07549
2413,DB01520
2414,Q9UJT1
2415,P01116
2416,DB03220
2417,DB08166
2418,DB07857
2419,DB05095
2420,DB04350
2421,P07550
2422,Q9Y678
2423,DB08914
2424,DB07792
2425,DB04877
2426,DB01295
2427,DB03976
2428,DB01947
2429,DB07005
2430,P51671
2431,DB00095
2432,DB06372
2433,DB01090
2434,DB08813
2435,DB03149
2436,DB04454
2437,O95139
2438,P16471
2439,P43681
2440,P12319
2441,DB03628
2442,DB01409
2443,Q12879
2444,P78527
2445,DB03297
2446,DB00131
2447,P23946
2448,DB03899
2449,DB00721
2450,DB09570
2451,DB07363
2452,DB00797
2453,Q9NYX4
2454,DB04948
2455,Q9H936
2456,P15559
2457,Q96A70
2458,P23141
2459,DB00252
2460,DB02209
2461,Q6TME4
2462,DB05007
2463,DB07968
2464,DB05127
2465,DB03714
2466,Q12797
2467,P02708
2468,DB08228
2469,DB01289
2470,Q96AZ6
2471,O00555
2472,DB08232
2473,DB01933
2474,DB09034
2475,O95190
2476,DB06973
2477,DB00414
2478,DB07843
2479,P39086
2480,P32322
2481,DB03193
2482,DB04368
2483,DB08291
2484,DB00544
2485,DB02376
2486,DB04335
2487,DB03835
2488,P00519
2489,P05230
2490,DB06825
2491,P48735
2492,DB01955
2493,P07339
2494,DB00687
2495,O75715
2496,DB03348
2497,P09884
2498,P25311
2499,P62913
2500,P15531
2501,Q9H2P9
2502,DB06636
2503,DB07357
2504,DB08700
2505,DB01408
2506,P24385
2507,Q16836
2508,DB04576
2509,DB00344
2510,Q96KG9
2511,DB03760
2512,O14521
2513,DB04991
2514,P18031
2515,P17405
2516,DB04389
2517,DB01677
2518,DB06962
2519,O14717
2520,DB03962
2521,DB04214
2522,DB05107
2523,Q9UJS0
2524,P63098
2525,DB03950
2526,P04839
2527,DB07079
2528,DB07393
2529,DB07740
2530,DB07162
2531,P50406
2532,DB04234
2533,DB07641
2534,DB08313
2535,DB01844
2536,DB07623
2537,Q9UHQ9
2538,P18510
2539,DB07211
2540,DB06855
2541,DB00680
2542,DB00075
2543,DB07233
2544,P36897
2545,DB04836
2546,DB07789
2547,DB05381
2548,DB00114
2549,DB01704
2550,DB07848
2551,P21802
2552,DB00206
2553,DB08256
2554,DB05241
2555,O95299
2556,DB00219
2557,P22607
2558,DB06964
2559,DB08766
2560,P21554
2561,DB01246
2562,DB03753
2563,DB00678
2564,Q14145
2565,DB07354
2566,DB06203
2567,DB00961
2568,DB08097
2569,DB06681
2570,DB00426
2571,P04179
2572,DB04246
2573,P22694
2574,DB03587
2575,DB07837
2576,P20839
2577,Q14721
2578,DB00920
2579,P10827
2580,Q16696
2581,P30419
2582,Q9NSD5
2583,DB00129
2584,DB08954
2585,P08842
2586,Q5JVS0
2587,P36888
2588,DB08022
2589,P30968
2590,P05177
2591,DB07691
2592,P17658
2593,DB00564
2594,DB03306
2595,DB04560
2596,P40394
2597,DB00048
2598,DB07630
2599,O14786
2600,P05231
2601,P54317
2602,DB01946
2603,DB01233
2604,DB03408
2605,DB05307
2606,DB05122
2607,Q15418
2608,P49788
2609,P11474
2610,DB07277
2611,P09238
2612,P13498
2613,DB00626
2614,O14965
2615,DB07900
2616,DB03213
2617,O43677
2618,DB02542
2619,DB07138
2620,P10915
2621,DB07528
2622,DB08519
2623,DB07006
2624,DB00695
2625,DB00317
2626,P24347
2627,DB05798
2628,O95479
2629,DB05876
2630,DB02830
2631,Q9HB21
2632,DB02692
2633,DB01873
2634,DB02603
2635,P07711
2636,DB07579
2637,DB08892
2638,DB06698
2639,DB08089
2640,P68371
2641,Q8IVL5
2642,DB02464
2643,DB05687
2644,Q9Y251
2645,DB04931
2646,DB01858
2647,DB08828
2648,DB03918
2649,Q9UBX3
2650,DB05297
2651,DB07809
2652,DB07456
2653,P13631
2654,P56937
2655,DB05921
2656,DB00040
2657,P18846
2658,DB01118
2659,DB08118
2660,DB02986
2661,DB05205
2662,DB04953
2663,DB04055
2664,P15151
2665,P05062
2666,DB03583
2667,DB07987
2668,DB00997
2669,DB03276
2670,DB07205
2671,DB07859
2672,DB06742
2673,Q96LZ3
2674,DB00169
2675,DB01257
2676,DB05831
2677,DB08125
2678,DB05066
2679,DB00617
2680,Q9Y2Q0
2681,Q15166
2682,DB05915
2683,DB00911
2684,P13995
2685,DB02979
2686,DB05812
2687,DB02636
2688,DB04636
2689,DB02676
2690,DB09053
2691,DB05009
2692,P15104
2693,DB00949
2694,DB00492
2695,DB08167
2696,DB07616
2697,DB03052
2698,DB07734
2699,DB03104
2700,P04054
2701,DB05458
2702,DB07390
2703,DB07128
2704,DB04772
2705,Q16322
2706,P19099
2707,DB00574
2708,DB01099
2709,P42330
2710,P31749
2711,DB08057
2712,DB07073
2713,DB03250
2714,DB04873
2715,DB05854
2716,DB05187
2717,DB00491
2718,P07307
2719,DB08900
2720,DB08085
2721,P09467
2722,P47869
2723,Q14181
2724,DB01922
2725,O43837
2726,DB07614
2727,DB04633
2728,DB01395
2729,DB06205
2730,P78329
2731,DB04016
2732,Q96BH3
2733,DB03103
2734,DB00754
2735,P48775
2736,P08069
2737,P51161
2738,DB02648
2739,DB00912
2740,P26358
2741,DB02528
2742,DB07190
2743,DB03373
2744,DB01092
2745,P41597
2746,DB02610
2747,DB00812
2748,DB02607
2749,DB01588
2750,DB03478
2751,P02746
2752,DB00633
2753,DB04790
2754,DB01843
2755,DB07038
2756,DB00757
2757,Q96GW9
2758,DB03173
2759,P35225
2760,O60294
2761,DB08595
2762,O60669
2763,P06401
2764,Q6P093
2765,DB08889
2766,DB02616
2767,P24941
2768,DB02379
2769,DB03924
2770,DB00213
2771,DB04559
2772,DB02843
2773,DB07994
2774,DB07958
2775,DB07197
2776,DB08932
2777,DB07878
2778,P00325
2779,DB07053
2780,DB04972
2781,DB07154
2782,DB00140
2783,Q9UKG9
2784,DB01958
2785,DB04027
2786,DB00423
2787,DB02661
2788,DB03425
2789,DB02563
2790,P20132
2791,DB00816
2792,DB00785
2793,DB02341
2794,DB07078
2795,DB01238
2796,DB06869
2797,P55011
2798,DB00290
2799,DB09330
2800,P62917
2801,DB04448
2802,DB07668
2803,DB05796
2804,DB00016
2805,DB05210
2806,P25815
2807,DB02840
2808,P98170
2809,DB04988
2810,DB01989
2811,P19021
2812,DB05258
2813,DB00030
2814,DB00715
2815,P00915
2816,DB08164
2817,DB00034
2818,DB08788
2819,DB07112
2820,P49761
2821,DB00393
2822,P05181
2823,P22735
2824,DB02943
2825,DB08094
2826,DB01818
2827,DB06918
2828,DB04512
2829,Q9NPH2
2830,DB07829
2831,DB05005
2832,P18509
2833,DB00972
2834,DB00562
2835,Q9H228
2836,P31327
2837,Q8TDV5
2838,O75879
2839,O95168
2840,DB02068
2841,DB00897
2842,DB05367
2843,P14207
2844,O43704
2845,DB03975
2846,DB08697
2847,DB08156
2848,DB08247
2849,DB02917
2850,P04745
2851,P19320
2852,DB00610
2853,DB00359
2854,DB02014
2855,DB07736
2856,O14746
2857,P55210
2858,Q02218
2859,DB02205
2860,DB04113
2861,DB00683
2862,DB01536
2863,Q13224
2864,DB07212
2865,DB00979
2866,DB07755
2867,DB07174
2868,DB05213
2869,O14672
2870,DB00729
2871,DB05091
2872,DB08478
2873,DB08383
2874,DB02315
2875,DB00033
2876,DB01198
2877,DB04249
2878,DB08776
2879,P08253
2880,DB04798
2881,Q96RP8
2882,DB02342
2883,DB08546
2884,DB08172
2885,DB06852
2886,DB07213
2887,DB00467
2888,DB00171
2889,DB03370
2890,P08263
2891,P23763
2892,P26439
2893,DB07441
2894,P32929
2895,O43772
2896,DB03061
2897,DB07158
2898,DB07970
2899,P03923
2900,DB00936
2901,DB02087
2902,DB01805
2903,Q6UWN8
2904,Q01668
2905,O43678
2906,P51692
2907,DB02161
2908,DB02583
2909,DB05418
2910,DB03078
2911,DB03506
2912,Q96I15
2913,P55263
2914,P32297
2915,P35372
2916,Q06609
2917,DB00070
2918,DB08219
2919,DB07455
2920,DB03390
2921,DB05131
2922,DB08882
2923,Q13233
2924,DB00856
2925,DB05890
2926,DB09079
2927,Q9NR96
2928,DB05152
2929,DB03512
2930,DB06148
2931,P22310
2932,DB01678
2933,DB02402
2934,P55809
2935,DB01057
2936,Q9ULW8
2937,DB07250
2938,P13584
2939,P24530
2940,DB01169
2941,Q9HCD5
2942,DB05777
2943,DB00839
2944,DB01733
2945,Q9Y6M9
2946,DB08320
2947,DB02824
2948,DB00813
2949,P00441
2950,DB03782
2951,DB07733
2952,DB07967
2953,DB06719
2954,DB07311
2955,DB00764
2956,DB00260
2957,DB01790
2958,DB01396
2959,DB04126
2960,DB08250
2961,DB00020
2962,DB01998
2963,Q9UKU7
2964,DB00521
2965,DB07741
2966,DB02078
2967,DB08482
2968,DB04163
2969,O15374
2970,DB02805
2971,P48551
2972,DB03319
2973,P02768
2974,P18085
2975,DB06413
2976,DB01135
2977,P05106
2978,P55196
2979,DB02303
2980,DB03233
2981,DB00221
2982,O00591
2983,DB02866
2984,DB01785
2985,P80075
2986,P43166
2987,P61024
2988,Q8NBQ5
2989,P62491
2990,DB04054
2991,DB07094
2992,DB03396
2993,DB02318
2994,DB09054
2995,DB00663
2996,DB02860
2997,DB02533
2998,Q01118
2999,P24311
3000,DB06976
3001,DB08064
3002,DB07279
3003,Q96MA6
3004,DB04311
3005,P28161
3006,DB05694
3007,DB06823
3008,DB08349
3009,DB01839
3010,O95264
3011,DB06042
3012,P14174
3013,P13861
3014,Q9UG56
3015,DB07816
3016,DB00847
3017,DB00713
3018,DB00405
3019,DB01208
3020,DB07196
3021,DB08398
3022,DB02169
3023,DB08729
3024,DB07157
3025,Q8TCT1
3026,Q8WXI7
3027,DB08875
3028,DB08522
3029,P14598
3030,DB04316
3031,DB05386
3032,DB03169
3033,Q07021
3034,DB07368
3035,Q9UQM7
3036,DB00304
3037,DB00858
3038,DB01303
3039,P07384
3040,DB07010
3041,DB03955
3042,DB00941
3043,P08514
3044,DB00006
3045,DB04566
3046,DB04338
3047,P33260
3048,DB02878
3049,DB03636
3050,DB01784
3051,Q92876
3052,DB08464
3053,P21926
3054,DB07136
3055,P12259
3056,P20711
3057,Q9HB40
3058,P49888
3059,DB03081
3060,P20472
3061,DB00069
3062,DB00575
3063,P14621
3064,DB00730
3065,DB06865
3066,O15270
3067,DB01261
3068,DB04141
3069,P05166
3070,DB07375
3071,DB05342
3072,DB00904
3073,DB03247
3074,DB08533
3075,DB00466
3076,DB01279
3077,DB02383
3078,P10092
3079,DB04985
3080,DB00547
3081,DB02109
3082,DB00443
3083,DB06875
3084,Q02221
3085,DB00594
3086,Q16620
3087,Q13133
3088,Q9Y689
3089,DB07217
3090,P14735
3091,DB00390
3092,P55769
3093,Q8N119
3094,Q9UBQ6
3095,DB05895
3096,DB08397
3097,DB03980
3098,DB02279
3099,O43776
3100,DB00481
3101,DB07069
3102,P09960
3103,P18850
3104,Q9GZP0
3105,DB01259
3106,P34913
3107,DB02783
3108,DB00665
3109,DB09036
3110,P27361
3111,DB01056
3112,P49190
3113,Q13370
3114,DB00004
3115,Q96SW2
3116,P09237
3117,DB01611
3118,DB04606
3119,DB01666
3120,DB04374
3121,P00395
3122,DB00968
3123,DB04424
3124,DB08895
3125,DB00651
3126,DB01030
3127,P04083
3128,DB07271
3129,DB08655
3130,DB00261
3131,DB03484
3132,Q9Y468
3133,DB00608
3134,DB02652
3135,DB06843
3136,P49366
3137,DB08025
3138,DB07845
3139,Q9UHC9
3140,DB04860
3141,DB02679
3142,Q8NFA2
3143,DB04590
3144,DB00775
3145,Q8TET4
3146,DB06914
3147,DB05050
3148,DB00181
3149,DB05766
3150,P49356
3151,DB07957
3152,DB03048
3153,DB00937
3154,DB08170
3155,DB00993
3156,DB04562
3157,DB04417
3158,DB07351
3159,DB08909
3160,DB01356
3161,DB08348
3162,Q8NG66
3163,DB03216
3164,DB07095
3165,Q9NPB1
3166,DB06290
3167,O60656
3168,P51172
3169,DB00833
3170,DB02869
3171,DB02337
3172,DB01109
3173,DB01078
3174,DB00060
3175,P06239
3176,DB06706
3177,DB01199
3178,DB01905
3179,P51648
3180,P01106
3181,P51511
3182,DB00584
3183,DB01780
3184,DB05327
3185,DB04971
3186,DB07633
3187,DB03894
3188,DB03187
3189,DB08819
3190,P25786
3191,P22570
3192,DB04108
3193,DB01016
3194,DB08305
3195,DB01731
3196,DB04961
3197,DB02107
3198,DB04351
3199,P0CG29
3200,DB04838
3201,DB00036
3202,DB00551
3203,DB05630
3204,DB01321
3205,DB08122
3206,DB07807
3207,DB07545
3208,O60664
3209,DB05394
3210,O95263
3211,DB08045
3212,DB03020
3213,DB04117
3214,DB03401
3215,DB05157
3216,DB00627
3217,P51553
3218,DB00239
3219,DB01194
3220,DB00222
3221,DB04540
3222,DB00914
3223,DB08410
3224,DB04306
3225,P29323
3226,Q15375
3227,DB04238
3228,DB04722
3229,DB05913
3230,DB07897
3231,Q13907
3232,DB00837
3233,DB01608
3234,P19438
3235,DB04884
3236,DB03033
3237,DB07559
3238,DB00736
3239,DB04137
3240,DB04094
3241,DB03937
3242,DB02141
3243,Q92569
3244,DB03886
3245,DB08463
3246,DB06984
3247,DB09052
3248,O00305
3249,P01850
3250,DB00953
3251,P56282
3252,DB05101
3253,DB01771
3254,DB03925
3255,P18440
3256,DB08642
3257,DB05469
3258,DB02709
3259,DB02596
3260,DB07627
3261,DB04518
3262,DB01221
3263,DB03796
3264,DB04442
3265,P48448
3266,DB03793
3267,P48549
3268,DB02565
3269,DB07313
3270,DB01247
3271,P31513
3272,DB04600
3273,P48060
3274,DB08807
3275,P30939
3276,Q16706
3277,DB05483
3278,DB00708
3279,Q9P0Z9
3280,DB03042
3281,DB01589
3282,P42574
3283,P00167
3284,Q9UQQ2
3285,P05089
3286,P17812
3287,DB03725
3288,DB00576
3289,Q13423
3290,P01583
3291,DB08321
3292,DB00237
3293,DB08569
3294,DB03041
3295,DB03546
3296,DB02211
3297,DB00616
3298,DB01631
3299,DB03344
3300,DB04927
3301,DB02076
3302,DB08270
3303,DB00418
3304,DB05052
3305,DB03218
3306,DB00011
3307,P11245
3308,DB04237
3309,DB01665
3310,DB03757
3311,P07108
3312,Q9Y6I3
3313,DB02401
3314,P05108
3315,Q92953
3316,Q92781
3317,P16144
3318,P51787
3319,DB03600
3320,DB03501
3321,DB01558
3322,DB04083
3323,DB03202
3324,P00747
3325,P80511
3326,P54219
3327,Q96PR1
3328,DB01782
3329,Q9BY66
3330,DB02249
3331,DB07636
3332,P17900
3333,DB00820
3334,DB09026
3335,P56556
3336,P09466
3337,DB07501
3338,DB03283
3339,DB04465
3340,P07949
3341,DB00870
3342,P35270
3343,DB04645
3344,DB00014
3345,DB04464
3346,DB08787
3347,Q14376
3348,DB04753
3349,P48065
3350,DB03203
3351,P07451
3352,DB09049
3353,P28476
3354,DB07779
3355,DB00115
3356,DB07029
3357,DB04337
3358,DB00401
3359,P13727
3360,Q9BZW2
3361,DB02900
3362,DB07999
3363,DB07249
3364,DB02715
3365,DB06971
3366,DB08403
3367,DB05235
3368,P31930
3369,DB00433
3370,DB02888
3371,P00734
3372,DB04954
3373,DB07339
3374,DB01345
3375,DB03092
3376,DB02340
3377,DB04215
3378,DB07696
3379,DB01114
3380,P21917
3381,DB03298
3382,DB04669
3383,DB03940
3384,P49619
3385,DB05481
3386,Q99250
3387,DB02436
3388,DB02678
3389,DB03332
3390,DB02719
3391,Q16790
3392,DB07091
3393,DB02447
3394,DB08236
3395,DB03428
3396,Q96RI1
3397,DB02220
3398,DB05233
3399,O60931
3400,DB04843
3401,P03901
3402,DB07072
3403,Q14542
3404,Q6TGC4
3405,P07948
3406,DB02548
3407,DB04602
3408,DB00596
3409,DB08239
3410,DB05197
3411,O60760
3412,Q9NR19
3413,P50613
3414,DB07281
3415,DB01525
3416,P43026
3417,DB04326
3418,DB00933
3419,DB01365
3420,DB00831
3421,DB04366
3422,DB03686
3423,DB02463
3424,DB03240
3425,DB04978
3426,DB00546
3427,DB08287
3428,DB07769
3429,Q9BXJ7
3430,DB07342
3431,DB01671
3432,DB07272
3433,O00748
3434,Q92887
3435,DB07126
3436,DB01820
3437,DB08699
3438,DB01734
3439,DB02727
3440,DB07173
3441,P27487
3442,DB01977
3443,P51970
3444,DB06892
3445,Q9HAW8
3446,DB06623
3447,P45381
3448,DB03384
3449,DB00121
3450,DB04275
3451,DB03243
3452,Q99798
3453,DB05171
3454,DB04480
3455,DB04882
3456,DB07872
3457,DB04901
3458,DB07821
3459,Q8TED1
3460,DB04493
3461,DB02665
3462,DB05162
3463,DB00613
3464,DB07853
3465,DB00297
3466,P01303
3467,O43570
3468,DB05129
3469,DB05351
3470,DB01699
3471,DB08688
3472,DB02845
3473,DB08029
3474,DB00307
3475,DB05679
3476,DB00396
3477,DB06829
3478,DB00882
3479,DB00172
3480,DB00883
3481,P46059
3482,DB05298
3483,DB08896
3484,DB04751
3485,Q03721
3486,DB04530
3487,DB01098
3488,DB08066
3489,DB03147
3490,DB03729
3491,P01189
3492,DB07959
3493,DB04771
3494,DB02059
3495,P01834
3496,DB01890
3497,P0CG47
3498,DB03292
3499,P20674
3500,DB03067
3501,DB03442
3502,DB02407
3503,DB04898
3504,DB04363
3505,P51512
3506,DB07147
3507,Q96I59
3508,DB02681
3509,DB04947
3510,DB00572
3511,Q14500
3512,DB04260
3513,P13500
3514,DB01297
3515,P23526
3516,DB00300
3517,DB04440
3518,O75762
3519,P25705
3520,DB00830
3521,DB02506
3522,Q9UL54
3523,DB08659
3524,DB00928
3525,Q05932
3526,DB02306
3527,P07741
3528,DB05486
3529,DB08347
3530,DB00147
3531,DB01191
3532,DB08583
3533,Q92806
3534,DB08549
3535,DB08073
3536,DB03382
3537,P56192
3538,DB00732
3539,P49902
3540,P14902
3541,DB01327
3542,DB06155
3543,Q8WWQ8
3544,DB00280
3545,DB09202
3546,Q969G6
3547,DB02378
3548,DB03661
3549,DB07876
3550,DB07324
3551,DB04392
3552,DB02420
3553,P24158
3554,DB06712
3555,DB00750
3556,DB00526
3557,Q08188
3558,DB00109
3559,O00264
3560,P23258
3561,DB00666
3562,DB06963
3563,Q15046
3564,DB04920
3565,P05141
3566,DB04461
3567,Q03013
3568,DB02118
3569,DB02535
3570,DB06896
3571,O60603
3572,DB07503
3573,DB02581
3574,DB08443
3575,DB07111
3576,DB07772
3577,P29508
3578,DB05098
3579,DB08558
3580,DB01664
3581,DB05879
3582,DB02991
3583,DB04659
3584,DB08635
3585,DB01273
3586,Q9BZV2
3587,DB04863
3588,DB03609
3589,P08729
3590,DB07754
3591,DB00673
3592,DB00913
3593,DB08055
3594,P29475
3595,P00918
3596,P13726
3597,DB02825
3598,DB00642
3599,DB03902
3600,DB06791
3601,P07237
3602,O43681
3603,Q969V6
3604,DB02482
3605,DB06921
3606,DB07639
3607,Q6PHW0
3608,P98164
3609,DB08877
3610,DB00734
3611,DB07048
3612,DB08210
3613,Q03154
3614,DB08095
3615,DB00394
3616,DB07678
3617,Q7L0J3
3618,DB01110
3619,P09601
3620,P07437
3621,DB00841
3622,DB03707
3623,P23469
3624,DB05422
3625,DB04250
3626,DB04752
3627,P01031
3628,DB01776
3629,DB07585
3630,DB07912
3631,DB08844
3632,O75251
3633,DB03991
3634,DB08605
3635,DB02953
3636,Q8NBP7
3637,DB03837
3638,DB01168
3639,DB02028
3640,DB04820
3641,DB04880
3642,DB00125
3643,P31350
3644,P40616
3645,DB08023
3646,DB03959
3647,DB03115
3648,DB08633
3649,DB00328
3650,DB01944
3651,DB09043
3652,DB07116
3653,DB08070
3654,DB04677
3655,P11274
3656,DB01807
3657,DB05849
3658,DB03323
3659,P07947
3660,DB00388
3661,DB06943
3662,DB09074
3663,DB01422
3664,DB01179
3665,DB03185
3666,DB07416
3667,Q5JPH6
3668,DB03792
3669,DB08695
3670,Q9BVJ7
3671,DB00347
3672,P48544
3673,DB08584
3674,P05120
3675,Q9ULX7
3676,O95167
3677,DB03683
3678,DB00995
3679,DB05266
3680,DB08607
3681,DB04147
3682,Q05586
3683,DB05479
3684,DB05712
3685,Q05901
3686,O60512
3687,P20292
3688,DB00628
3689,DB02835
3690,DB07285
3691,DB01931
3692,DB00776
3693,Q15303
3694,Q8TCU5
3695,DB07314
3696,DB01623
3697,DB07075
3698,P21964
3699,DB00286
3700,Q07699
3701,DB02328
3702,DB08047
3703,P47897
3704,DB06701
3705,P02585
3706,P53582
3707,Q99884
3708,DB08008
3709,P80365
3710,Q13258
3711,DB04716
3712,DB00939
3713,DB00185
3714,DB03581
3715,DB03767
3716,P33151
3717,DB00712
3718,O60494
3719,P30411
3720,DB00452
3721,DB07504
3722,O94903
3723,DB08811
3724,P09104
3725,DB05238
3726,DB00535
3727,DB07941
3728,Q9H239
3729,DB00903
3730,DB07592
3731,DB00269
3732,DB05290
3733,P28070
3734,P19883
3735,DB03861
3736,DB01359
3737,DB04098
3738,DB06942
3739,DB07297
3740,DB07862
3741,DB00667
3742,DB05786
3743,DB08423
3744,P35219
3745,DB00484
3746,DB00349
3747,DB01202
3748,DB08923
3749,DB05294
3750,DB01420
3751,DB05749
3752,DB04616
3753,DB02277
3754,DB05415
3755,P06126
3756,DB03968
3757,DB03765
3758,P24310
3759,Q8NE62
3760,DB01019
3761,Q92843
3762,DB08468
3763,DB00318
3764,DB07677
3765,DB03889
3766,DB01340
3767,P61927
3768,O14732
3769,DB00417
3770,P19784
3771,DB08067
3772,DB07955
3773,DB05404
3774,DB02347
3775,DB00424
3776,DB04893
3777,DB06751
3778,DB02082
3779,DB00353
3780,DB00567
3781,DB08325
3782,DB00770
3783,DB03251
3784,DB08564
3785,DB02852
3786,DB05501
3787,Q09428
3788,P49588
3789,DB02080
3790,P34896
3791,DB04244
3792,DB00134
3793,P35462
3794,DB00152
3795,DB07229
3796,DB00771
3797,DB00944
3798,DB01694
3799,DB04003
3800,DB08777
3801,DB05688
3802,DB01748
3803,DB07312
3804,DB00148
3805,P50225
3806,DB01649
3807,DB03704
3808,DB07215
3809,DB01833
3810,DB07716
3811,P16930
3812,DB07645
3813,DB08504
3814,P42336
3815,DB03413
3816,DB07698
3817,DB07425
3818,DB00089
3819,DB01738
3820,DB05476
3821,DB06176
3822,DB00482
3823,DB05897
3824,DB00448
3825,DB01793
3826,DB07149
3827,DB07026
3828,DB04643
3829,DB00906
3830,Q9NUV7
3831,DB02459
3832,DB00605
3833,DB02812
3834,DB04523
3835,P30926
3836,P12271
3837,P49368
3838,P11836
3839,DB08044
3840,DB04270
3841,DB04872
3842,DB04775
3843,P01112
3844,O43451
3845,P48506
3846,DB08536
3847,P04053
3848,P11717
3849,DB02288
3850,DB05018
3851,Q9UNP4
3852,O95180
3853,DB02894
3854,DB04960
3855,P61313
3856,P28221
3857,P01920
3858,DB06938
3859,DB03805
3860,DB03958
3861,DB07515
3862,P15309
3863,DB07031
3864,Q08289
3865,DB03326
3866,DB06981
3867,Q9UNI1
3868,P32320
3869,DB00498
3870,Q92731
3871,DB01404
3872,P01024
3873,DB08814
3874,DB00894
3875,DB04797
3876,P02679
3877,P16455
3878,Q9ULC6
3879,P37088
3880,DB08242
3881,DB01015
3882,Q01082
3883,DB07519
3884,P07202
3885,DB04829
3886,DB08888
3887,Q9H1K4
3888,DB06972
3889,P30838
3890,DB05339
3891,DB01319
3892,DB05229
3893,DB07993
3894,DB08864
3895,DB00794
3896,DB04153
3897,Q99418
3898,Q92696
3899,Q06203
3900,DB01346
3901,DB06859
3902,DB00647
3903,DB03551
3904,DB00298
3905,Q16134
3906,P15121
3907,DB05455
3908,Q06432
3909,Q9BZZ2
3910,DB04551
3911,DB01840
3912,DB02508
3913,P10606
3914,P41145
3915,DB00686
3916,O14556
3917,P40926
3918,P15085
3919,DB00058
3920,P47872
3921,DB01102
3922,DB08602
3923,DB08778
3924,Q8IVH4
3925,P03905
3926,DB04365
3927,DB07692
3928,DB00073
3929,Q9Y289
3930,DB02859
3931,DB00869
3932,P43490
3933,DB06207
3934,DB03419
3935,O43252
3936,DB07977
3937,P02776
3938,DB01375
3939,DB03877
3940,DB08221
3941,DB02329
3942,DB08822
3943,P35354
3944,DB03490
3945,DB05308
3946,DB04451
3947,DB00132
3948,Q16773
3949,P29371
3950,DB00563
3951,DB03749
3952,DB01646
3953,DB03956
3954,DB02733
3955,DB06741
3956,Q8N8N7
3957,DB07690
3958,P00709
3959,DB05787
3960,DB05268
3961,DB02750
3962,O14757
3963,DB04478
3964,DB06412
3965,O75874
3966,Q09470
3967,DB08800
3968,DB03971
3969,DB05423
3970,DB07929
3971,DB01142
3972,DB05495
3973,DB01908
3974,DB05337
3975,DB03732
3976,DB08547
3977,P01270
3978,DB00731
3979,P84077
3980,DB03186
3981,DB03507
3982,DB04648
3983,DB05109
3984,Q9NQ25
3985,DB02613
3986,P43116
3987,DB04018
3988,DB02255
3989,DB04787
3990,P31040
3991,DB07493
3992,Q494W8
3993,DB00232
3994,Q9NSD9
3995,DB01121
3996,DB04709
3997,Q16678
3998,DB00823
3999,O15264
4000,DB02079
4001,DB05250
4002,DB07814
4003,P05093
4004,O94925
4005,DB08377
4006,Q9Y271
4007,DB08597
4008,DB01086
4009,O95622
4010,P01178
4011,DB07234
4012,DB00808
4013,DB05026
4014,DB02795
4015,DB05511
4016,DB06851
4017,DB07132
4018,P32019
4019,DB09045
4020,DB03368
4021,P10176
4022,DB03491
4023,DB02215
4024,O14936
4025,DB04059
4026,DB07011
4027,DB08360
4028,P34130
4029,DB01002
4030,DB08341
4031,DB05215
4032,DB05133
4033,DB01392
4034,DB06836
4035,Q09013
4036,P51687
4037,DB00796
4038,DB00322
4039,P10114
4040,DB01176
4041,DB05207
4042,DB04912
4043,DB03552
4044,DB00428
4045,DB06951
4046,DB07933
4047,DB06994
4048,DB08182
4049,P02763
4050,DB00947
4051,DB02644
4052,DB00166
4053,P08697
4054,DB07131
4055,DB03286
4056,DB00561
4057,DB08393
4058,DB08190
4059,DB01750
4060,P05186
4061,DB04899
4062,DB00705
4063,DB07378
4064,P10636
4065,DB03189
4066,DB01021
4067,DB02143
4068,DB02366
4069,Q9H4G4
4070,P43353
4071,DB03374
4072,DB02108
4073,DB06785
4074,P43003
4075,DB03435
4076,P31645
4077,DB00700
4078,P18405
4079,DB03695
4080,DB05243
4081,DB08353
4082,Q96NR8
4083,DB04983
4084,DB07632
4085,DB00531
4086,DB00940
4087,P22061
4088,DB08488
4089,DB06480
4090,DB05521
4091,DB00397
4092,DB03095
4093,O75908
4094,DB03987
4095,Q07864
4096,DB08486
4097,DB03906
4098,DB01165
4099,Q8WU03
4100,DB06262
4101,P41250
4102,DB03772
4103,DB04407
4104,P21397
4105,DB03865
4106,DB07602
4107,P48048
4108,Q9BZV3
4109,P16662
4110,DB08304
4111,DB04132
4112,P35398
4113,O95665
4114,DB07099
4115,DB01125
4116,DB02570
4117,DB00259
4118,DB04938
4119,DB03121
4120,DB01660
4121,DB00046
4122,P23219
4123,Q86SZ2
4124,DB08632
4125,Q9Y619
4126,DB03531
4127,DB07242
4128,P32239
4129,DB07494
4130,DB01628
4131,Q9Y6Y9
4132,DB07791
4133,DB04875
4134,DB03974
4135,DB03664
4136,DB02973
4137,DB07385
4138,O15382
4139,DB05429
4140,DB00012
4141,DB03657
4142,Q9NZ42
4143,P16050
4144,DB08591
4145,DB07683
4146,P30405
4147,P51659
4148,DB05358
4149,DB02656
4150,DB01244
4151,P17540
4152,P35558
4153,DB01997
4154,DB04258
4155,DB00451
4156,P28072
4157,DB08150
4158,DB08565
4159,P14867
4160,P30043
4161,O00408
4162,DB00862
4163,P62745
4164,DB01662
4165,DB00462
4166,P28223
4167,DB00902
4168,P01625
4169,DB01151
4170,DB01463
4171,P21731
4172,DB01866
4173,DB08163
4174,DB06204
4175,Q9UJT0
4176,P09871
4177,DB07757
4178,P11766
4179,DB07168
4180,DB04683
4181,P08174
4182,DB08020
4183,DB07787
4184,P17174
4185,DB04379
4186,DB00907
4187,DB06688
4188,DB04896
4189,P30542
4190,DB05848
4191,DB01077
4192,P36405
4193,DB04109
4194,P04798
4195,DB08046
4196,DB03509
4197,DB06795
4198,DB02381
4199,P05187
4200,DB04572
4201,DB07720
4202,DB00477
4203,DB03802
4204,P25929
4205,P11309
4206,DB06986
4207,DB00167
4208,P23458
4209,DB07140
4210,DB00163
4211,P12429
4212,DB00143
4213,DB06678
4214,P07919
4215,P11168
4216,P06881
4217,DB06967
4218,Q9ULA0
4219,P21695
4220,DB01411
4221,DB00199
4222,DB03376
4223,DB04394
4224,DB07144
4225,P02741
4226,P13686
4227,DB05204
4228,DB04803
4229,DB03494
4230,DB00142
4231,DB03945
4232,P08912
4233,Q99661
4234,DB04466
4235,P04035
4236,P29803
4237,DB04419
4238,P01133
4239,DB05029
4240,DB07684
4241,DB03028
4242,DB07844
4243,DB00773
4244,DB03876
4245,DB07840
4246,DB00514
4247,DB02165
4248,P07327
4249,P23378
4250,P30273
4251,Q92793
4252,DB04720
4253,DB02267
4254,P51955
4255,DB06605
4256,DB01009
4257,Q9Y2D1
4258,DB01586
4259,DB04701
4260,P48163
4261,P54687
4262,P09958
4263,Q9BTZ2
4264,Q13131
4265,P29074
4266,DB00848
4267,DB07300
4268,DB04614
4269,Q05513
4270,Q9UBK8
4271,DB00209
4272,DB03595
4273,Q08257
4274,DB09559
4275,DB00703
4276,DB02671
4277,P20138
4278,DB08283
4279,DB07744
4280,P47898
4281,DB02322
4282,DB05804
4283,P01709
4284,DB06990
4285,DB04068
4286,DB05431
4287,DB01245
4288,Q9HAB3
4289,DB01024
4290,DB05472
4291,DB00204
4292,DB07295
4293,DB06937
4294,DB07237
4295,Q6WRI0
4296,DB02621
4297,DB03639
4298,DB04964
4299,DB05361
4300,DB07064
4301,P28062
4302,DB00962
4303,DB02181
4304,P09210
4305,DB06674
4306,P09110
4307,P51857
4308,Q92831
4309,DB07629
4310,DB07538
4311,DB02234
4312,DB07512
4313,P53611
4314,P41091
4315,DB07468
4316,DB00590
4317,Q7L3T8
4318,P05556
4319,P19801
4320,Q16665
4321,DB02518
4322,Q02880
4323,O75676
4324,DB00543
4325,DB06589
4326,DB00063
4327,DB06969
4328,DB08155
4329,P56817
4330,DB03381
4331,DB03015
4332,DB06650
4333,O95907
4334,P05019
4335,DB01195
4336,DB08350
4337,P21266
4338,P00480
4339,Q92830
4340,Q9Y5N1
4341,DB04604
4342,DB00508
4343,DB03982
4344,Q96NX5
4345,DB06720
4346,P17516
4347,DB00415
4348,DB01138
4349,DB01954
4350,P22891
4351,DB03814
4352,DB00156
4353,P15144
4354,P32927
4355,DB06707
4356,DB00929
4357,DB02140
4358,Q15759
4359,DB04844
4360,DB08162
4361,DB04754
4362,DB07735
4363,DB00119
4364,DB04434
4365,DB01419
4366,DB04150
4367,Q9BY49
4368,DB04682
4369,P55055
4370,DB00863
4371,DB05032
4372,P10147
4373,DB08129
4374,Q9UHY7
4375,DB01143
4376,DB00293
4377,DB08593
4378,Q9Y2D0
4379,DB07658
4380,DB01837
4381,P11509
4382,P24462
4383,P15328
4384,DB02164
4385,Q9UGM1
4386,Q6YP21
4387,DB06991
4388,DB04009
4389,DB01745
4390,DB00762
4391,DB06809
4392,DB00145
4393,DB02226
4394,P04141
4395,DB00717
4396,Q8NFJ5
4397,DB02690
4398,Q9NPF7
4399,DB01281
4400,DB02449
4401,DB00887
4402,P48736
4403,DB04922
4404,Q9Y478
4405,DB02730
4406,DB03415
4407,DB02424
4408,DB05260
4409,DB08676
4410,DB08173
4411,DB03951
4412,Q07817
4413,DB05232
4414,P14410
4415,DB07997
4416,DB07322
4417,DB04846
4418,DB07224
4419,P28074
4420,DB05146
4421,DB00518
4422,DB00434
4423,P61457
4424,Q07912
4425,DB08396
4426,Q9NZV6
4427,DB01927
4428,DB02486
4429,DB00942
4430,DB01067
4431,DB09065
4432,P04746
4433,DB08756
4434,DB02071
4435,DB07742
4436,DB00177
4437,DB02763
4438,DB01970
4439,DB06335
4440,DB04657
4441,DB08083
4442,DB00263
4443,DB02585
4444,Q16445
4445,P11387
4446,DB03073
4447,P00973
4448,Q9BXI2
4449,DB04888
4450,P0C0L4
4451,DB01915
4452,DB06958
4453,P17936
4454,P20648
4455,P12724
4456,P68871
4457,DB01153
4458,Q9UN88
4459,DB04471
4460,DB06150
4461,DB01115
4462,DB07384
4463,DB06700
4464,DB07697
4465,Q9H2M3
4466,DB00520
4467,O43293
4468,DB03349
4469,DB00975
4470,P30531
4471,DB03645
4472,DB08557
4473,DB08733
4474,DB05435
4475,DB07949
4476,Q7Z4J2
4477,DB03080
4478,DB02198
4479,DB00653
4480,DB07804
4481,Q13698
4482,DB03137
4483,P26951
4484,P13611
4485,DB01953
4486,DB03850
4487,Q8NFW8
4488,P54577
4489,DB00867
4490,DB07996
4491,DB01131
4492,Q9H4M7
4493,DB02007
4494,Q15596
4495,Q86VU5
4496,O95644
4497,Q9H4B7
4498,DB08749
4499,DB08276
4500,P53985
4501,DB04105
4502,DB01013
4503,DB03932
4504,DB01369
4505,O75746
4506,P31949
4507,DB05234
4508,P35080
4509,Q04609
4510,DB01708
4511,DB00650
4512,DB09018
4513,DB05096
4514,P15509
4515,DB04416
4516,DB00778
4517,DB07379
4518,P23297
4519,DB01276
4520,DB02272
4521,DB00285
4522,Q99643
4523,DB08005
4524,DB01613
4525,DB08294
4526,DB08590
4527,DB02546
4528,DB07931
4529,P08254
4530,P63092
4531,DB03766
4532,DB04522
4533,DB03964
4534,Q16774
4535,DB03727
4536,DB04759
4537,P29597
4538,P10644
4539,DB01201
4540,DB00216
4541,P47989
4542,DB06959
4543,Q8NER1
4544,P01584
4545,P50281
4546,DB03963
4547,Q9UP95
4548,DB01174
4549,DB07028
4550,P54819
4551,DB09082
4552,DB08176
4553,P54368
4554,DB01156
4555,DB03670
4556,Q9P2J5
4557,DB04089
4558,P21912
4559,DB03747
4560,DB08936
4561,Q9H598
4562,DB07009
4563,DB07346
4564,Q8WX39
4565,DB00945
4566,Q9HD40
4567,P51151
4568,DB00212
4569,DB00334
4570,DB06945
4571,DB08312
4572,O60658
4573,DB00268
4574,P48507
4575,DB04655
4576,DB07204
4577,DB01854
4578,DB08411
4579,DB03702
4580,P11684
4581,DB01496
4582,P49591
4583,DB03354
4584,DB07326
4585,DB07050
4586,DB04542
4587,DB02350
4588,DB08385
4589,DB08369
4590,DB02269
4591,Q13443
4592,DB05478
4593,Q06187
4594,P14770
4595,Q9H3S4
4596,DB07783
4597,DB08007
4598,DB07080
4599,P13945
4600,DB08568
4601,DB00615
4602,DB00120
4603,DB00165
4604,DB07936
4605,DB02114
4606,DB02353
4607,DB07985
4608,P29218
4609,DB06929
4610,DB02861
4611,DB02598
4612,P48552
4613,DB01178
4614,DB06710
4615,DB00350
4616,DB01093
4617,DB08391
4618,P27695
4619,Q03405
4620,O14957
4621,DB00332
4622,DB04544
4623,DB06439
4624,P35498
4625,DB08645
4626,DB07643
4627,DB08148
4628,P00451
4629,DB03791
4630,Q96F10
4631,DB08437
4632,DB00196
4633,DB07476
4634,DB08929
4635,DB07151
4636,P36871
4637,DB01146
4638,DB01429
4639,Q92769
4640,DB07701
4641,DB00824
4642,DB04079
4643,DB06871
4644,DB01754
4645,P13716
4646,DB08062
4647,Q9Y233
4648,Q96EY8
4649,DB04144
4650,DB02032
4651,Q6PEY2
4652,DB01011
4653,DB00545
4654,DB09073
4655,Q9HA77
4656,P16219
4657,DB04946
4658,DB01437
4659,DB06894
4660,Q9Y646
4661,Q13882
4662,DB01134
4663,P01308
4664,P61073
4665,DB01950
4666,DB01466
4667,DB05387
4668,DB05317
4669,P50750
4670,DB00093
4671,DB07979
4672,Q00535
4673,DB09038
4674,DB07956
4675,DB01626
4676,DB08907
4677,DB01483
4678,DB05494
4679,P15428
4680,O75116
4681,DB00483
4682,DB04827
4683,DB02507
4684,P15813
4685,DB06764
4686,P49765
4687,DB03012
4688,DB08615
4689,DB04816
4690,O14788
4691,DB00374
4692,DB08038
4693,DB07524
4694,DB07141
4695,DB06842
4696,P29466
4697,DB07356
4698,Q9NVH6
4699,DB01095
4700,DB07855
4701,DB00779
4702,DB02623
4703,P18505
4704,Q16772
4705,DB07395
4706,DB00880
4707,DB03726
4708,DB00652
4709,DB08303
4710,DB02021
4711,DB00943
4712,DB05075
4713,DB00184
4714,DB06060
4715,DB04021
4716,O43246
4717,P17181
4718,DB05745
4719,DB08507
4720,DB02759
4721,DB00835
4722,P01764
4723,DB07266
4724,DB08815
4725,DB04557
4726,Q9NZL9
4727,DB03666
4728,P05305
4729,DB03988
4730,P42898
4731,Q08828
4732,Q9UMX2
4733,O14949
4734,DB00836
4735,DB07676
4736,DB05822
4737,DB01384
4738,DB07964
4739,DB07218
4740,P05412
4741,DB02515
4742,DB06862
4743,P09619
4744,DB07415
4745,DB08237
4746,P29034
4747,Q9Y286
4748,Q9NP99
4749,DB03267
4750,DB00758
4751,DB04724
4752,DB00542
4753,DB08096
4754,Q13838
4755,DB04549
4756,DB02187
4757,P21728
4758,P30041
4759,DB08612
4760,P09038
4761,DB03114
4762,Q9UNX3
4763,DB00370
4764,DB07555
4765,DB07467
4766,P27824
4767,DB08134
4768,DB02152
4769,DB01686
4770,O75936
4771,DB00657
4772,P23743
4773,P52895
4774,DB02343
4775,DB04695
4776,DB04821
4777,Q05655
4778,P19971
4779,Q15116
4780,DB02551
4781,P17752
4782,DB08409
4783,P53779
4784,Q16671
4785,DB01193
4786,Q16769
4787,P14625
4788,DB00351
4789,DB08052
4790,Q96S86
4791,Q14573
4792,DB06883
4793,P42261
4794,P10620
4795,DB08801
4796,DB00696
4797,DB04334
4798,DB02509
4799,O95069
4800,DB00486
4801,DB04679
4802,O15217
4803,DB07421
4804,P05067
4805,DB07522
4806,O95954
4807,DB08152
4808,DB00809
4809,DB03026
4810,DB07258
4811,DB07796
4812,DB03575
4813,O43614
4814,DB02320
4815,DB07664
4816,DB07686
4817,Q7LG56
4818,DB01842
4819,DB02196
4820,DB05078
4821,DB07875
4822,DB06147
4823,DB05398
4824,DB06901
4825,Q9GZR5
4826,DB04156
4827,DB00910
4828,DB03124
4829,DB07514
4830,DB07403
4831,Q13093
4832,DB04217
4833,P11217
4834,DB01050
4835,DB00748
4836,P19652
4837,Q9UBM7
4838,P11473
4839,DB03226
4840,DB03480
4841,DB00583
4842,DB04847
4843,DB07143
4844,O60488
4845,DB05764
4846,DB04688
4847,DB00416
4848,DB02919
4849,DB03615
4850,P02452
4851,P22392
4852,Q9P0J0
4853,DB07707
4854,DB00402
4855,DB03389
4856,DB04356
4857,Q6NXR0
4858,Q9UI32
4859,DB07966
4860,P30291
4861,DB04593
4862,DB08389
4863,DB02386
4864,P32418
4865,DB07986
4866,P07737
4867,Q9Y4W6
4868,DB07833
4869,DB01772
4870,DB04672
4871,Q9Y663
4872,Q9UKQ2
4873,DB04833
4874,DB08461
4875,Q05940
4876,DB00226
4877,DB03777
4878,DB08810
4879,Q00653
4880,DB00210
4881,P20339
4882,DB08258
4883,DB06905
4884,O14792
4885,DB03907
4886,DB07394
4887,DB00202
4888,DB03981
4889,P30874
4890,DB08529
4891,DB02887
4892,DB03132
4893,DB07093
4894,DB01001
4895,DB00102
4896,O95182
4897,P24298
4898,DB08003
4899,DB00367
4900,DB08033
4901,DB04967
4902,DB02155
4903,DB02004
4904,DB00606
4905,DB02924
4906,DB08203
4907,DB03706
4908,DB01126
4909,DB04855
4910,DB01237
4911,DB07870
4912,DB00895
4913,DB01624
4914,DB05240
4915,DB04381
4916,P05113
4917,DB06062
4918,DB08048
4919,DB00774
4920,P46459
4921,P48169
4922,DB05434
4923,P22001
4924,DB07482
4925,DB04736
4926,P48745
4927,DB01888
4928,P28566
4929,DB08051
4930,DB04886
4931,DB08760
4932,DB07100
4933,DB01070
4934,Q9Y2Z4
4935,DB02994
4936,DB04632
4937,P23284
4938,DB07020
4939,DB03903
4940,DB00499
4941,DB01262
4942,P07900
4943,DB06070
4944,P15153
4945,DB04933
4946,DB00043
4947,P34903
4948,Q15825
4949,Q9UDX4
4950,DB01877
4951,DB08539
4952,P00813
4953,DB07179
4954,DB04254
4955,DB00900
4956,DB08768
4957,DB07315
4958,DB07334
4959,DB00772
4960,P21399
4961,DB02490
4962,O43526
4963,DB01283
4964,DB08301
4965,Q8TCD5
4966,DB07113
4967,DB04527
4968,DB11363
4969,DB08141
4970,DB05869
4971,P30085
4972,DB06916
4973,DB02803
4974,P20309
4975,Q99624
4976,DB08244
4977,DB08068
4978,DB04348
4979,DB01106
4980,DB01219
4981,DB02096
4982,DB08910
4983,DB01248
4984,DB01260
4985,Q14914
4986,DB03572
4987,O14649
4988,DB01226
4989,P30825
4990,P28332
4991,DB04850
4992,DB04796
4993,DB00217
4994,P05981
4995,P18283
4996,P0CG04
4997,DB00759
4998,DB09037
4999,P53350
5000,P22303
5001,Q14330
5002,DB05790
5003,O43613
5004,P41231
5005,DB01278
5006,P06744
5007,Q96RD7
5008,DB07471
5009,DB02552
5010,P02675
5011,Q16718
5012,DB01481
5013,P11310
5014,DB00444
5015,DB02701
5016,P20645
5017,P46721
5018,DB01285
5019,DB01832
5020,DB01695
5021,DB07228
5022,P05154
5023,DB03262
5024,Q9HCR9
5025,DB03385
5026,DB01046
5027,DB08373
5028,P49862
5029,O75330
5030,DB00455
5031,DB02465
5032,DB08165
5033,DB03191
5034,P35237
5035,DB05259
5036,Q8IVL6
5037,DB05930
5038,Q9UN19
5039,DB01119
5040,DB07216
5041,DB00635
5042,DB02705
5043,DB06870
5044,Q9NR97
5045,P36969
5046,DB02281
5047,DB06841
5048,Q07954
5049,DB05916
5050,DB00726
5051,DB03847
5052,DB06902
5053,DB07253
5054,DB05407
5055,P61158
5056,DB00553
5057,DB07120
5058,DB04405
5059,DB04295
5060,DB08363
5061,DB06733
5062,DB03929
5063,DB03380
5064,DB08816
5065,DB01012
5066,DB04491
5067,DB07788
5068,DB01823
5069,DB01028
5070,DB08487
5071,Q99470
5072,P54760
5073,DB07539
5074,O60427
5075,DB07975
5076,DB06944
5077,DB04531
5078,P19235
5079,DB08084
5080,DB03222
5081,DB01830
5082,DB06663
5083,O60391
5084,P60568
5085,Q12756
5086,DB05470
5087,DB01427
5088,DB03397
5089,DB08791
5090,P36873
5091,DB07847
5092,O60882
5093,DB01048
5094,P98160
5095,DB03129
5096,DB00241
5097,DB06103
5098,P16860
5099,DB04861
5100,P17931
5101,Q16348
5102,DB07790
5103,DB01041
5104,DB03935
5105,DB02942
5106,P78334
5107,Q14749
5108,P31151
5109,DB00215
5110,DB00782
5111,DB05239
5112,DB04149
5113,DB05199
5114,DB07336
5115,DB02498
5116,P24046
5117,DB05053
5118,Q8NEB9
5119,P30837
5120,DB09039
5121,DB01271
5122,DB07183
5123,DB07841
5124,DB00348
5125,DB00852
5126,O60701
5127,DB02052
5128,DB02758
5129,DB03082
5130,DB07984
5131,Q6IB77
5132,DB03417
5133,DB03878
5134,DB05752
5135,DB06837
5136,DB01964
5137,DB04757
5138,Q9UGI6
5139,DB07486
5140,DB08730
5141,DB06980
5142,Q13526
5143,Q8N8R3
5144,Q16832
5145,O95838
5146,DB02984
5147,DB00352
5148,DB02049
5149,DB04959
5150,DB07145
5151,P54646
5152,DB00593
5153,DB02872
5154,DB02106
5155,DB08629
5156,Q9HB55
5157,DB03005
5158,Q13363
5159,P10153
5160,DB02048
5161,Q16739
5162,O15375
5163,Q9NRE1
5164,P13674
5165,P33261
5166,DB08521
5167,DB03667
5168,DB00044
5169,DB04450
5170,P45984
5171,P43080
5172,P06729
5173,DB09101
5174,P78508
5175,P60174
5176,DB05332
5177,DB04336
5178,P61587
5179,DB00126
5180,DB03424
5181,DB07680
5182,DB05864
5183,P05107
5184,DB05115
5185,DB01224
5186,P49915
5187,P21817
5188,O95298
5189,O00217
5190,DB05183
5191,DB07685
5192,P01138
5193,DB04376
5194,P42892
5195,DB01038
5196,P17735
5197,Q96FL8
5198,DB05188
5199,DB08879
5200,DB00843
5201,Q8N159
5202,DB00573
5203,DB00737
5204,DB07795
5205,P05155
5206,DB07007
5207,P06276
5208,P46098
5209,DB03504
5210,DB07440
5211,DB01149
5212,DB07306
5213,DB04125
5214,Q99456
5215,P08048
5216,DB05463
5217,DB04661
5218,DB02685
5219,P00505
5220,P07360
5221,P14543
5222,DB02089
5223,DB05202
5224,DB02243
5225,P07203
5226,Q16873
5227,P06850
5228,DB06708
5229,DB00693
5230,DB01403
5231,P08700
5232,DB07135
5233,O43708
5234,Q9NY72
5235,Q16644
5236,DB05374
5237,DB06073
5238,DB06734
5239,DB09080
5240,Q13630
5241,P36544
5242,DB04521
5243,DB08413
5244,DB03677
5245,DB00763
5246,Q01726
5247,P03372
5248,DB01071
5249,DB00149
5250,Q14894
5251,DB01969
5252,DB00203
5253,DB08040
5254,P51812
5255,DB04010
5256,DB02834
5257,DB01548
5258,P62312
5259,O94956
5260,Q9H2S1
5261,DB03225
5262,DB03144
5263,Q15031
5264,DB05214
5265,DB00045
5266,DB02481
5267,DB05064
5268,P45844
5269,Q6NUS8
5270,DB00422
5271,DB04715
5272,P47712
5273,Q96EN8
5274,DB01280
5275,DB08442
5276,DB05421
5277,DB00648
5278,DB06772
5279,DB00720
5280,DB02069
5281,DB01213
5282,DB02264
5283,DB01158
5284,DB02868
5285,DB07593
5286,DB06273
5287,DB07226
5288,P14920
5289,DB08392
5290,DB07646
5291,DB02784
5292,DB05882
5293,DB08334
5294,DB05345
5295,Q2M3G0
5296,DB07371
5297,DB05010
5298,DB09014
5299,DB07161
5300,P40238
5301,DB00100
5302,P49773
5303,DB06691
5304,DB07036
5305,DB00127
5306,DB08354
5307,DB08577
5308,P00751
5309,Q8WWL2
5310,P53778
5311,DB07954
5312,DB04352
5313,P55157
5314,DB07248
5315,DB08594
5316,DB01727
5317,DB00879
5318,DB02057
5319,DB05507
5320,DB08477
5321,DB02751
5322,P18858
5323,Q9NPC2
5324,DB06694
5325,DB03453
5326,P78362
5327,P14416
5328,P61160
5329,DB07449
5330,DB05030
5331,DB05743
5332,O43617
5333,DB05282
5334,DB04940
5335,P05452
5336,O14874
5337,DB04890
5338,DB00550
5339,DB01103
5340,DB07377
5341,DB02497
5342,Q07343
5343,DB01831
5344,DB04908
5345,DB04998
5346,P60981
5347,DB02651
5348,P30153
5349,DB02735
5350,DB04140
5351,DB00311
5352,Q92820
5353,DB02950
5354,DB02491
5355,DB02822
5356,P15289
5357,DB02110
5358,DB02404
5359,DB07034
5360,DB02046
5361,DB01291
5362,DB03740
5363,DB03697
5364,P41180
5365,Q92753
5366,DB06237
5367,DB02555
5368,DB00182
5369,DB04917
5370,DB05047
5371,DB02101
5372,DB07465
5373,DB00537
5374,DB02348
5375,P29972
5376,DB03660
5377,DB03102
5378,DB08087
5379,Q9UBS5
5380,DB03393
5381,DB08178
5382,DB02259
5383,DB06288
5384,P28065
5385,DB07746
5386,DB07719
5387,DB01535
5388,DB01717
5389,DB05280
5390,Q9GZZ6
5391,DB04957
5392,Q02224
5393,Q07973
5394,DB00104
5395,DB03341
5396,DB00735
5397,DB09242
5398,DB08678
5399,DB08510
5400,DB05073
5401,DB00967
5402,DB02740
5403,DB08183
5404,DB04620
5405,DB08779
5406,Q08499
5407,DB01378
5408,DB03021
5409,DB06285
5410,DB02744
5411,DB07014
5412,DB00468
5413,DB03944
5414,P26440
5415,DB07780
5416,DB08745
5417,DB00807
5418,P98194
5419,DB02691
5420,DB05487
5421,DB02855
5422,Q8TCC7
5423,DB01565
5424,DB07995
5425,P12268
5426,DB02871
5427,DB02029
5428,DB01227
5429,DB08049
5430,DB05104
5431,DB00031
5432,DB02818
5433,Q96GD3
5434,O00469
5435,O00142
5436,DB02170
5437,DB07310
5438,DB01325
5439,DB07860
5440,DB01398
5441,Q02127
5442,Q9NS85
5443,DB08927
5444,DB07525
5445,DB00464
5446,DB07243
5447,P62942
5448,P25963
5449,O43497
5450,DB00674
5451,DB04091
5452,DB08093
5453,P00414
5454,P02649
5455,DB03311
5456,DB02183
5457,O60218
5458,DB07276
5459,DB07316
5460,DB01851
5461,DB01884
5462,O43175
5463,DB07209
5464,DB07960
5465,DB03673
5466,Q9NWZ5
5467,P46976
5468,Q12809
5469,P62508
5470,P00533
5471,DB08935
5472,Q04844
5473,DB03983
5474,DB06900
5475,DB00500
5476,DB05708
5477,O75460
5478,DB00752
5479,Q5XXA6
5480,Q7L266
5481,DB01242
5482,DB07256
5483,O43766
5484,Gene
5485,DB07831
5486,DB02767
5487,DB07626
5488,DB05072
5489,DB02789
5490,Q07075
5491,DB00278
5492,DB03996
5493,DB07193
5494,DB01072
5495,Q8N9I0
5496,DB05829
5497,DB03867
5498,Q14353
5499,P00748
5500,P31751
5501,DB08683
5502,DB01229
5503,DB03093
5504,DB04854
5505,DB04638
5506,Q9BY32
5507,DB05432
5508,P62330
5509,DB03821
5510,DB03181
5511,P19113
5512,P48061
5513,P57059
5514,Q9UBX1
5515,P08235
5516,P02778
5517,P03891
5518,DB02893
5519,P48067
5520,Q01581
5521,DB01269
5522,DB05177
5523,DB05651
5524,DB03016
5525,P02751
5526,Q8N142
5527,DB00702
5528,Q9Y275
5529,DB01105
5530,DB07793
5531,P01375
5532,DB00437
5533,Q00266
5534,DB00470
5535,DB00001
5536,DB02103
5537,DB07071
5538,Q6L8H2
5539,Q13946
5540,Q9Y2U5
5541,P03886
5542,DB02684
5543,Q13867
5544,DB02660
5545,DB03399
5546,DB04973
5547,DB00600
5548,DB03921
5549,DB03316
5550,DB04970
5551,DB01250
5552,DB00614
5553,DB05077
5554,DB08135
5555,DB07325
5556,DB01349
5557,DB03910
5558,P16499
5559,DB01996
5560,DB00957
5561,P30711
5562,DB03019
5563,DB08752
5564,Q13393
5565,Q13509
5566,Q9UHI5
5567,DB07881
5568,DB07605
5569,DB04794
5570,DB02222
5571,DB06637
5572,DB01184
5573,DB00157
5574,DB00986
5575,P08574
5576,DB06947
5577,DB04801
5578,DB08739
5579,DB08490
5580,P01595
5581,O60894
5582,Q9NSE4
5583,P54619
5584,DB00244
5585,DB04556
5586,P34096
5587,O00519
5588,DB07265
5589,DB01656
5590,Q96I99
5591,DB03593
5592,DB01124
5593,O15067
5594,DB04119
5595,P50135
5596,DB01079
5597,Q9Y600
5598,DB00325
5599,DB00568
5600,DB01561
5601,Q13885
5602,DB07506
5603,DB04534
5604,DB08574
5605,DB03207
5606,DB08345
5607,DB08696
5608,DB00873
5609,P54278
5610,DB02405
5611,DB00091
5612,P49137
5613,DB02778
5614,DB01405
5615,DB04371
5616,P35754
5617,DB04977
5618,P27708
5619,DB00682
5620,DB02258
5621,DB04463
5622,DB06876
5623,DB01272
5624,DB04577
5625,Q14494
5626,DB08241
5627,DB01919
5628,Q15125
5629,DB00625
5630,DB08169
5631,DB05806
5632,Q9H2G2
5633,DB01357
5634,DB00158
5635,DB01059
5636,P80192
5637,Q93088
5638,DB07182
5639,Q06278
5640,DB00915
5641,P22749
5642,DB00611
5643,DB08400
5644,DB00065
5645,DB07374
5646,P17948
5647,DB00969
5648,DB04738
5649,Q9P289
5650,DB03280
5651,DB03693
5652,DB06098
5653,DB08476
5654,P07195
5655,DB08056
5656,Q99720
5657,P42345
5658,P04118
5659,DB07065
5660,DB05417
5661,Q8TD30
5662,DB08782
5663,Q15761
5664,DB06777
5665,DB07502
5666,DB07344
5667,DB02153
5668,DB00765
5669,P38606
5670,P07101
5671,Q9NY47
5672,P22301
5673,Q00536
5674,DB00811
5675,DB08263
5676,DB04723
5677,DB03554
5678,DB00246
5679,P04229
5680,P42684
5681,P17342
5682,P37268
5683,DB03064
5684,Q9UK23
5685,DB07509
5686,P09211
5687,DB03622
5688,P06132
5689,DB04703
5690,DB01599
5691,DB04885
5692,DB00262
5693,DB00042
5694,DB08340
5695,O15379
5696,DB04583
5697,DB04207
5698,DB08479
5699,P49221
5700,DB08030
5701,DB03333
5702,DB06804
5703,DB01275
5704,DB04678
5705,DB06692
5706,DB00306
5707,DB03317
5708,DB03566
5709,DB06908
5710,DB02020
5711,P04626
5712,DB00399
5713,P03950
5714,DB00822
5715,DB08454
5716,DB01253
5717,DB02716
5718,DB00829
5719,DB02001
5720,DB02466
5721,DB07500
5722,P09417
5723,DB04525
5724,DB08019
5725,DB05372
5726,DB05141
5727,DB01037
5728,Q6ZMR3
5729,P11388
5730,DB00872
5731,Q15648
5732,DB07628
5733,DB04903
5734,DB01123
5735,DB00866
5736,DB03441
5737,DB06775
5738,DB03800
5739,DB07654
5740,DB00324
5741,Q15858
5742,DB00191
5743,P05129
5744,DB08915
5745,DB01189
5746,DB01902
5747,DB04510
5748,DB05116
5749,Q8IVS2
5750,DB00420
5751,DB02479
5752,DB00052
5753,DB08827
5754,DB08908
5755,Q96EB6
5756,DB01206
5757,DB00523
5758,P00966
5759,Q03431
5760,P10275
5761,DB03691
5762,DB02989
5763,DB02589
5764,DB00369
5765,P11021
5766,DB03087
5767,DB07700
5768,P50391
5769,DB05036
5770,DB05044
5771,DB00571
5772,DB07543
5773,P14210
5774,DB00161
5775,DB00640
5776,P28702
5777,DB07656
5778,DB03268
5779,DB07117
5780,P31937
5781,DB00908
5782,DB07988
5783,P01892
5784,DB04470
5785,P35916
5786,P51149
5787,DB04859
5788,DB02573
5789,DB04180
5790,DB04268
5791,DB00379
5792,DB07361
5793,DB07171
5794,DB00851
5795,P10253
5796,DB02723
5797,Q9UI33
5798,O60513
5799,DB04594
5800,DB02710
5801,Q9UDW1
5802,DB05225
5803,Q9UM73
5804,DB04301
5805,DB02857
5806,DB02398
5807,DB04509
5808,P00338
5809,P06396
5810,DB02287
5811,DB01003
5812,Q96C24
5813,DB07713
5814,P02760
5815,DB09068
5816,DB05662
5817,DB00223
5818,Q96C36
5819,O14594
5820,P30559
5821,DB00927
5822,DB00193
5823,DB05201
5824,DB04578
5825,DB07913
5826,DB02637
5827,P55017
5828,DB06857
5829,DB04776
5830,DB05867
5831,DB01897
5832,DB07288
5833,DB07121
5834,P10912
5835,P12821
5836,P49146
5837,DB08744
5838,DB08799
5839,DB09033
5840,DB07227
5841,DB08690
5842,DB07879
5843,DB02323
5844,P12081
5845,DB01031
5846,DB04924
5847,DB00289
5848,DB00404
5849,P16083
5850,DB07239
5851,DB00723
5852,DB05169
5853,DB08418
5854,P41594
5855,DB04644
5856,P20813
5857,DB00245
5858,Q96DP5
5859,DB07021
5860,DB06828
5861,P01859
5862,DB06282
5863,DB08448
5864,DB01621
5865,DB01200
5866,DB01630
5867,DB07186
5868,DB01435
5869,P15336
5870,DB04653
5871,DB07705
5872,DB07341
5873,Q9BYZ2
5874,DB01861
5875,DB04564
5876,DB06186
5877,DB04997
5878,DB02966
5879,DB04445
5880,DB04615
5881,DB00392
5882,Q13085
5883,DB02915
5884,DB03395
5885,DB07119
5886,DB01047
5887,DB05069
5888,DB00190
5889,DB02388
5890,DB00061
5891,DB00175
5892,DB01406
5893,DB07156
5894,DB07934
5895,DB07521
5896,P00387
5897,P19404
5898,DB04851
5899,DB03206
5900,DB07491
5901,DB01973
5902,Q9Y5K3
5903,DB02044
5904,DB08620
5905,DB01445
5906,DB01060
5907,P34969
5908,DB06684
5909,Q9UI09
5910,P31644
5911,DB03499
5912,DB03270
5913,DB04630
5914,DB02673
5915,DB01129
5916,DB08365
5917,DB00384
5918,DB00197
5919,DB06097
5920,Q14534
5921,DB01892
5922,DB08489
5923,P40306
5924,DB00960
5925,DB07195
5926,DB02391
5927,P43115
5928,P53609
5929,P09455
5930,DB06209
5931,Q9UIC8
5932,DB00064
5933,O95573
5934,DB01852
5935,DB02393
5936,DB07017
5937,DB00799
5938,P03915
5939,DB00987
5940,Q9UN76
5941,DB08338
5942,DB01094
5943,Q02809
5944,DB01117
5945,DB02180
5946,DB03245
5947,DB05740
5948,DB06211
5949,P56524
5950,P11498
5951,DB03650
5952,DB01023
5953,Q99436
5954,DB04767
5955,DB01039
5956,DB00022
5957,Q16878
5958,DB00155
5959,P14060
5960,DB03880
5961,DB05692
5962,DB08694
5963,DB04866
5964,Q9UHI7
5965,O95932
5966,DB07247
5967,DB00243
5968,DB07454
5969,P17707
5970,DB08515
5971,Q9UKL6
5972,DB05311
5973,DB07360
5974,DB07376
5975,DB01454
5976,DB03934
5977,Q9BWD1
5978,DB00976
5979,P0C0L5
5980,DB08868
5981,DB01361
5982,DB07619
5983,DB02918
5984,DB00159
5985,P49019
5986,DB04253
5987,DB04721
5988,Q9Y2I1
5989,DB07289
5990,DB07786
5991,DB00361
5992,P02458
5993,DB01577
5994,DB02367
5995,DB03557
5996,O75795
5997,DB01736
5998,DB00295
5999,DB08708
6000,DB04129
6001,DB00522
6002,Q8WWT9
6003,P49411
6004,Q15102
6005,DB03784
6006,DB02999
6007,DB05065
6008,DB01267
6009,DB01438
6010,DB05383
6011,DB01256
6012,DB00578
6013,DB05675
6014,DB05037
6015,DB05771
6016,DB08300
6017,DB07604
6018,P35610
6019,P07510
6020,Q9NS75
6021,DB01364
6022,DB04036
6023,DB00565
6024,O43447
6025,DB03712
6026,DB02351
6027,DB00461
6028,P09488
6029,DB00436
6030,DB07058
6031,O43424
6032,P01848
6033,DB06917
6034,DB07175
6035,DB08006
6036,DB08480
6037,DB00474
6038,Q13285
6039,P10600
6040,DB07653
6041,DB00921
6042,DB08781
6043,Q9BQE3
6044,Q9Y5R8
6045,DB05490
6046,DB07110
6047,DB08168
6048,DB01711
6049,DB06728
6050,Q8IWT1
6051,P00352
6052,P12532
6053,Q02928
6054,DB00877
6055,O15403
6056,DB03663
6057,P09622
6058,DB06713
6059,DB08516
6060,P60953
6061,Q05329
6062,DB05428
6063,DB08613
6064,DB06911
6065,Q9GZT9
6066,O15530
6067,P61626
6068,DB02011
6069,DB00146
6070,Q86YB8
6071,DB03881
6072,DB00552
6073,DB07846
6074,P20618
6075,DB00512
6076,DB04432
6077,DB07294
6078,P06241
6079,P50579
6080,P17544
6081,DB00074
6082,Q9Y694
6083,DB05003
6084,DB08186
6085,DB00951
6086,DB00179
6087,DB06983
6088,DB08555
6089,O76074
6090,DB08640
6091,DB07766
6092,DB02898
6093,DB00463
6094,P33981
6095,Q96PF1
6096,DB05256
6097,DB04852
6098,Q9NWZ3
6099,O15427
6100,P13073
6101,DB05855
6102,DB04256
6103,DB00493
6104,DB00532
6105,P07333
6106,DB07583
6107,Q99712
6108,DB08124
6109,DB00019
6110,Q16206
6111,DB00233
6112,DB00598
6113,DB04468
6114,P10721
6115,O75489
6116,DB07089
6117,DB08251
6118,P02689
6119,DB08865
6120,DB04213
6121,Q9NYR8
6122,O00206
6123,Q8IUZ5
6124,DB08053
6125,DB01941
6126,DB04310
6127,DB01609
6128,DB05227
6129,DB03589
6130,DB00412
6131,DB03253
6132,P41235
6133,DB04929
6134,P29474
6135,Q9H3N8
6136,P21589
6137,DB02499
6138,DB08387
6139,Q14643
6140,DB02890
6141,P35222
6142,DB01263
6143,DB03223
6144,P78540
6145,DB08846
6146,DB00339
6147,DB08416
6148,Q08345
6149,P41240
6150,DB07784
6151,DB07659
6152,DB01762
6153,DB00959
6154,DB07943
6155,DB01108
6156,DB07612
6157,DB03577
6158,P23786
6159,DB02112
6160,DB01339
6161,DB09303
6162,O95178
6163,DB00277
6164,DB08249
6165,DB06982
6166,DB04299
6167,DB05442
6168,DB00220
6169,DB07003
6170,DB08273
6171,P18089
6172,Q10588
6173,P98066
6174,DB06919
6175,Q13627
6176,DB02311
6177,DB02846
6178,P34059
6179,DB03680
6180,DB01983
6181,Q15119
6182,P09429
6183,DB08885
6184,DB02532
6185,DB00495
6186,DB04865
6187,Q6P996
6188,DB01225
6189,DB05685
6190,O14920
6191,DB05281
6192,DB00002
6193,P47901
6194,DB08384
6195,DB02308
6196,DB00441
6197,DB01268
6198,DB06064
6199,P08581
6200,DB00669
6201,P15170
6202,DB07580
6203,Q01740
6204,DB04652
6205,DB00756
6206,DB00622
6207,DB06931
6208,DB05382
6209,Q14654
6210,Q8N1Q1
6211,DB04477
6212,DB02933
6213,P16442
6214,P63151
6215,DB00087
6216,P25101
6217,Q9NY65
6218,DB07714
6219,O75899
6220,Q9NQX3
6221,DB00497
6222,DB05070
6223,DB07978
6224,DB04195
6225,P30613
6226,Q9NWM0
6227,DB00338
6228,DB04088
6229,DB00579
6230,Q01362
6231,DB02761
6232,DB04473
6233,DB05166
6234,Q12791
6235,P08217
6236,DB09291
6237,DB07359
6238,P22748
6239,DB02647
6240,DB02034
6241,DB08660
6242,DB03337
6243,DB06616
6244,DB00503
6245,P13929
6246,DB00276
6247,P63316
6248,DB01667
6249,DB07060
6250,P20594
6251,DB04779
6252,Q9Y6M4
6253,DB07448
6254,P02749
6255,DB08277
6256,Q969P6
6257,DB08500
6258,DB03471
6259,DB03559
6260,DB08240
6261,P03951
6262,DB03106
6263,DB02813
6264,DB04818
6265,Q13231
6266,DB02400
6267,DB03523
6268,DB07607
6269,DB03849
6270,DB02638
6271,DB06840
6272,DB06730
6273,DB02144
6274,DB06846
6275,DB01901
6276,DB01180
6277,DB00876
6278,P35030
6279,DB07584
6280,DB05883
6281,P51168
6282,Q9UPY5
6283,P09012
6284,DB06948
6285,DB03594
6286,DB00985
6287,DB03330
6288,DB06603
6289,P56181
6290,P61278
6291,Q16651
6292,DB05676
6293,DB03685
6294,DB01026
6295,P26640
6296,DB01382
6297,DB06961
6298,DB08138
6299,DB04410
6300,Q9GZT4
6301,Q8TE23
6302,Q9NUB1
6303,P06133
6304,DB00540
6305,O75911
6306,DB07019
6307,Q14289
6308,DB04066
6309,DB06868
6310,DB00891
6311,DB04287
6312,DB08335
6313,DB02250
6314,P48167
6315,DB08009
6316,DB07908
6317,Q9UQL6
6318,DB03329
6319,DB04878
6320,DB01196
6321,DB07919
6322,DB03672
6323,DB02755
6324,DB00354
6325,DB04719
6326,Q01959
6327,O94766
6328,P04278
6329,DB08370
6330,DB03754
6331,P15382
6332,P07204
6333,DB00366
6334,P14555
6335,DB06643
6336,DB00570
6337,P13866
6338,DB07362
6339,Q15661
6340,DB01399
6341,DB00548
6342,DB02902
6343,P10745
6344,P11488
6345,DB05468
6346,P42262
6347,DB07474
6348,DB00586
6349,DB02983
6350,P04211
6351,P31639
6352,DB02326
6353,DB08042
6354,DB07469
6355,DB01207
6356,DB02670
6357,DB07133
6358,O94788
6359,O15511
6360,DB08362
6361,P04792
6362,Q9UDR5
6363,Q14626
6364,Q16881
6365,DB01410
6366,DB02550
6367,DB03277
6368,DB08601
6369,DB03383
6370,DB00128
6371,DB01764
6372,DB07751
6373,DB00083
6374,P51589
6375,DB07309
6376,P23416
6377,DB07497
6378,DB08356
6379,DB05246
6380,DB03060
6381,O60568
6382,DB03866
6383,DB05125
6384,Q96Q83
6385,P19878
6386,P33681
6387,P61586
6388,DB08802
6389,DB07589
6390,DB07835
6391,DB01342
6392,P78559
6393,Q96GA7
6394,DB04842
6395,Q7Z2H8
6396,Q9UGI9
6397,DB02177
6398,DB07462
6399,DB04883
6400,DB08891
6401,DB06196
6402,DB00294
6403,DB08867
6404,DB00697
6405,DB01082
6406,O14818
6407,DB03891
6408,Q8IYQ7
6409,DB02062
6410,DB01705
6411,DB02974
6412,O14561
6413,DB05510
6414,DB07662
6415,Q9UJM8
6416,DB08869
6417,DB07008
6418,DB06848
6419,DB01929
6420,DB00024
6421,P53597
6422,DB02611
6423,DB01992
6424,Q99497
6425,DB08866
6426,Q8NET8
6427,DB05900
6428,DB03159
6429,DB01860
6430,DB04769
6431,DB08435
6432,DB08191
6433,DB07965
6434,DB07076
6435,DB00108
6436,DB00767
6437,DB08870
6438,DB08609
6439,P56696
6440,DB03072
6441,DB01277
6442,DB01022
6443,DB07245
6444,DB00925
6445,DB07353
6446,DB05412
6447,P19961
6448,Q01718
6449,DB00977
6450,DB07382
6451,DB00533
6452,P06213
6453,P07478
6454,P08559
6455,Q9H1R3
6456,Q08209
6457,DB01394
6458,DB02597
6459,P00797
6460,DB03719
6461,DB08484
6462,DB06850
6463,DB07263
6464,DB04573
6465,DB04910
6466,Q9HAW9
6467,DB03555
6468,DB01541
6469,DB06993
6470,DB05460
6471,DB00041
6472,Q96QT4
6473,DB05301
6474,DB00117
6475,DB05035
6476,DB02850
6477,DB07615
6478,P47870
6479,DB02631
6480,P24394
6481,DB01241
6482,DB03468
6483,DB04858
6484,Q9H2X9
6485,DB03608
6486,DB05216
6487,O75493
6488,DB01204
6489,DB03010
6490,P62993
6491,DB00580
6492,DB02633
6493,DB08200
6494,Q13002
6495,DB07172
6496,P27986
6497,DB02352
6498,DB01926
6499,DB07137
6500,DB04892
6501,O60733
6502,DB07715
6503,P40925
6504,DB07973
6505,DB02471
6506,DB01301
6507,P16519
6508,DB05390
6509,P31785
6510,Q86XF0
6511,DB03273
6512,Q9BY41
6513,DB07794
6514,P12104
6515,DB01939
6516,DB08420
6517,DB04894
6518,P14927
6519,DB08000
6520,DB08447
6521,P49354
6522,DB00783
6523,DB01274
6524,P0DMS8
6525,DB01141
6526,DB00178
6527,P02775
6528,DB01990
6529,DB08342
6530,DB01064
6531,DB02158
6532,DB00009
6533,P14780
6534,DB00358
6535,Q7Z2Z2
6536,DB08072
6537,Q460N3
6538,DB07423
6539,DB02010
6540,DB00458
6541,DB03752
6542,DB07081
6543,P26639
6544,DB03642
6545,DB05389
6546,DB06920
6547,DB00331
6548,P22352
6549,DB04263
6550,DB07756
6551,DB01698
6552,DB01826
6553,DB03448
6554,DB01366
6555,DB01309
6556,DB00321
6557,DB04761
6558,DB00273
6559,DB07443
6560,Q00987
6561,P14679
6562,P37059
6563,DB06080
6564,DB05448
6565,P23919
6566,DB00810
6567,P78352
6568,DB08213
6569,DB08762
6570,DB08309
6571,DB02569
6572,P14854
6573,DB08916
6574,DB00558
6575,DB04868
6576,DB01017
6577,DB01354
6578,P00390
6579,DB07609
6580,DB04194
6581,DB07836
6582,DB07983
6583,P49841
6584,Q9NY46
6585,P02745
6586,P36021
6587,DB01439
6588,P36896
6589,Q14994
6590,DB00281
6591,DB05449
6592,P10696
6593,Q9Y3D2
6594,DB08473
6595,P51606
6596,DB08330
6597,DB07347
6598,P01744
6599,DB00173
6600,DB09071
6601,DB05057
6602,DB08280
6603,DB00136
6604,DB03288
6605,Q14432
6606,P35367
6607,DB05739
6608,P39023
6609,Q9NZV8
6610,DB04396
6611,DB01113
6612,DB08174
6613,P54750
6614,DB00769
6615,DB00788
6616,Q02318
6617,DB03953
6618,P35228
6619,P22314
6620,DB01834
6621,O15169
6622,O15399
6623,DB00557
6624,DB01097
6625,Q9UNN8
6626,P45954
6627,DB03056
6628,DB00871
6629,Q9NXA8
6630,DB07450
6631,DB06838
6632,P43155
6633,DB06594
6634,P00450
6635,P22460
6636,P02788
6637,DB08687
6638,P11177
6639,DB08010
6640,DB08911
6641,DB00530
6642,DB02427
6643,DB02714
6644,DB08534
6645,P35626
6646,P15259
6647,P19440
6648,P53674
6649,DB01618
6650,DB08130
6651,DB04000
6652,O00182
6653,DB04377
6654,Q13555
6655,DB02063
6656,P05787
6657,DB00814
6658,DB08024
6659,P11926
6660,DB08402
6661,Q9Y3I0
6662,DB01948
6663,O60858
6664,DB02911
6665,DB05192
6666,P49585
6667,DB04505
6668,DB04676
6669,DB05120
6670,DB04563
6671,DB00659
6672,DB00780
6673,DB00935
6674,DB07608
6675,P02144
6676,DB06212
6677,P01768
6678,P16066
6679,DB08513
6680,DB01175
6681,DB00106
6682,Q9H015
6683,DB01942
6684,DB05360
6685,O60896
6686,DB01074
6687,DB07181
6688,Q86W47
6689,P35790
6690,DB03128
6691,P05164
6692,Q04828
6693,DB00446
6694,Q16515
6695,P04818
6696,DB04107
6697,DB02358
6698,O75469
6699,Q16647
6700,DB08805
6701,DB07108
6702,DB07320
6703,Q9BW92
6704,DB05223
6705,DB02901
6706,DB03710
6707,DB04853
6708,DB07498
6709,DB07083
6710,O43193
6711,DB03039
6712,DB04871
6713,DB01811
6714,DB07921
6715,DB07889
6716,P33402
6717,DB01393
6718,DB05343
6719,DB07637
6720,DB02854
6721,DB08395
6722,P01617
6723,DB08004
6724,DB07269
6725,DB03616
6726,Q15111
6727,DB00201
6728,DB05424
6729,DB00511
6730,DB08562
6731,DB07647
6732,DB00505
6733,DB03486
6734,P82251
6735,DB00015
6736,DB03623
6737,P25787
6738,DB07001
6739,P51681
6740,DB07728
6741,DB04013
6742,DB05092
6743,DB00746
6744,P50052
6745,P13051
6746,DB03449
6747,P42081
6748,Q14032
6749,P30305
6750,P14324
6751,DB00372
6752,DB01616
6753,DB07142
6754,DB08531
6755,Q9UNK4
6756,DB02091
6757,DB07032
6758,DB08610
6759,DB04660
6760,DB08709
6761,Q9BVA1
6762,DB04839
6763,DB08412
6764,DB07460
6765,DB02271
6766,DB05420
6767,DB05033
6768,DB08848
6769,DB07882
6770,DB04685
6771,P10635
6772,DB08059
6773,DB00692
6774,DB02622
6775,Q8N0U8
6776,DB04077
6777,DB00408
6778,Q8WUI4
6779,DB08901
6780,Q92952
6781,DB02104
6782,P50440
6783,P48449
6784,DB02073
6785,O15392
6786,Q9Y6B6
6787,DB08672
6788,DB00860
6789,DB02039
6790,P48039
6791,P00492
6792,DB05134
6793,DB06992
6794,DB03744
6795,P04271
6796,DB00599
6797,DB04591
6798,DB04764
6799,O75521
6800,DB00382
6801,DB02568
6802,DB04733
6803,Q9NR33
6804,DB00292
6805,DB02093
6806,DB07066
6807,DB03214
6808,P13639
6809,DB00055
6810,DB02559
6811,DB07558
6812,P16234
6813,P16435
6814,DB00475
6815,DB02492
6816,DB01440
6817,DB00439
6818,DB00555
6819,DB07366
6820,P35913
6821,Q13362
6822,DB00283
6823,P62829
6824,P11226
6825,DB06732
6826,Q14832
6827,DB03152
6828,DB03632
6829,P42357
6830,DB00701
6831,DB08394
6832,DB07146
6833,Q9UHW9
6834,DB03556
6835,DB03612
6836,DB05034
6837,DB00501
6838,DB01595
6839,DB01431
6840,Q9NR82
6841,Q9NYA1
6842,DB04223
6843,DB00340
6844,DB04665
6845,DB08445
6846,DB08430
6847,DB03346
6848,DB03003
6849,P04004
6850,P48637
6851,DB06802
6852,DB06930
6853,DB01710
6854,DB05253
6855,DB07940
6856,DB07274
6857,P55786
6858,DB08689
6859,P34972
6860,DB01418
6861,DB02472
6862,DB00469
6863,DB05168
6864,DB06774
6865,DB08285
6866,DB07822
6867,DB02931
6868,DB08259
6869,P23677
6870,O95169
6871,DB07802
6872,DB06612
6873,DB05759
6874,Q14957
6875,DB04020
6876,DB08352
6877,DB03602
6878,DB08631
6879,DB01425
6880,DB00413
6881,DB02027
6882,DB00569
6883,Q13315
6884,P30038
6885,DB00637
6886,DB07207
6887,DB08060
6888,DB08804
6889,DB00591
6890,DB02166
6891,DB01951
6892,DB07798
6893,DB06884
6894,DB06997
6895,DB05161
6896,O76083
6897,P08319
6898,DB06844
6899,DB00378
6900,DB07063
6901,DB00795
6902,DB05484
6903,P35968
6904,P01857
6905,P16422
6906,DB03781
6907,P01589
6908,DB00198
6909,Q9NS40
6910,O00244
6911,DB06849
6912,P49913
6913,DB08032
6914,P32754
6915,DB05715
6916,DB00857
6917,DB02628
6918,O14727
6919,DB01381
6920,DB02335
6921,P19634
6922,DB04462
6923,DB00111
6924,DB08143
6925,O75173
6926,DB01769
6927,DB08572
6928,DB03596
6929,P08100
6930,P15391
6931,DB00342
6932,DB07747
6933,DB08771
6934,DB03711
6935,DB00377
6936,DB00755
6937,DB05446
6938,DB00527
6939,DB04725
6940,DB01600
6941,DB03351
6942,DB08880
6943,DB03461
6944,DB00270
6945,DB07292
6946,DB01062
6947,DB02261
6948,DB07383
6949,P52569
6950,DB01352
6951,DB04325
6952,DB07785
6953,DB01412
6954,DB02875
6955,DB08088
6956,P52209
6957,Q9NYQ3
6958,DB06228
6959,DB01307
6960,DB01035
6961,DB01672
6962,DB02615
6963,DB01761
6964,P02747
6965,Q07001
6966,O00180
6967,DB07944
6968,P02671
6969,DB08772
6970,P10398
6971,DB00341
6972,DB00395
6973,DB01154
6974,P16389
6975,DB00360
6976,DB00025
6977,DB01029
6978,DB07096
6979,DB04857
6980,P25092
6981,DB05004
6982,DB07056
6983,DB01452
6984,DB02373
6985,DB03084
6986,DB01756
6987,DB03192
6988,DB07731
6989,P13196
6990,DB03967
6991,DB07284
6992,DB03496
6993,DB04324
6994,DB02338
6995,Q32P28
6996,DB05814
6997,DB00777
6998,DB02297
6999,DB03828
7000,P12236
7001,DB07335
7002,DB04792
7003,DB08179
7004,DB08893
7005,DB01337
7006,P35568
7007,DB00465
7008,DB02081
7009,DB04930
7010,P43004
7011,DB05466
7012,DB05335
7013,P34741
7014,DB00315
7015,DB07435
7016,O14842
7017,DB04048
7018,DB02938
7019,DB03832
7020,DB02697
7021,Q5NUL3
7022,DB03100
7023,P62837
7024,P20333
7025,DB00224
7026,DB00677
7027,P28845
7028,DB07761
7029,P20273
7030,DB00786
7031,DB03345
7032,P11172
7033,DB00050
7034,DB05509
7035,DB07024
7036,P14649
7037,DB00176
7038,P21918
7039,DB00990
7040,DB05206
7041,DB03365
7042,DB07049
7043,O14880
7044,DB06954
7045,P06756
7046,DB04654
7047,DB08751
7048,Q13956
7049,DB08136
7050,DB07380
7051,P09693
7052,DB00988
7053,DB06699
7054,DB03256
7055,P31995
7056,DB00364
7057,DB08820
7058,P21796
7059,DB04974
7060,Q15822
7061,DB03058
7062,DB00679
7063,DB02282
7064,DB00834
7065,DB06731
7066,DB02873
7067,DB07768
7068,DB07991
7069,DB02996
7070,DB04232
7071,Q8TF76
7072,DB00805
7073,DB07621
7074,O15111
7075,P04049
7076,P04075
7077,P00491
7078,P78417
7079,P04275
7080,Q16854
7081,O75438
7082,DB07122
7083,DB02952
7084,P41439
7085,DB05255
7086,DB00706
7087,O76054
7088,P03897
7089,O14841
7090,DB07888
7091,DB04889
7092,DB02195
7093,DB07350
7094,Q16613
7095,Q92506
7096,DB03101
7097,DB05271
7098,DB08743
7099,DB08077
7100,DB03125
7101,DB01324
7102,DB00371
7103,P21283
7104,DB06897
7105,DB07477
7106,DB07401
7107,DB05452
7108,Q92947
7109,Q00534
7110,DB00078
7111,DB03305
7112,DB02067
7113,Q14524
7114,DB00612
7115,DB00005
7116,DB08194
7117,DB00489
7118,DB06210
7119,Q99062
7120,DB00539
7121,DB05744
7122,DB07070
7123,P41143
7124,DB02077
7125,DB02728
7126,DB01033
7127,P00740
7128,DB06939
7129,Q9NXE4
7130,P30044
7131,DB08192
7132,DB05200
7133,Q9Y697
7134,P30556
7135,DB07815
7136,DB02207
7137,DB08229
7138,Q95460
7139,P15056
7140,DB00554
7141,DB03040
7142,P35625
7143,P01374
7144,Q96KS0
7145,DB04741
7146,DB04012
7147,DB05785
7148,P04406
7149,DB01752
7150,DB00471
7151,P19105
7152,Q16877
7153,DB00909
7154,Q96AE4
7155,DB00035
7156,DB02772
7157,DB05905
7158,DB01400
7159,P21462
7160,DB04101
7161,DB02558
7162,DB01014
7163,DB00850
7164,DB07067
7165,DB08128
7166,DB03455
7167,DB00790
7168,P23921
7169,DB08838
7170,DB08497
7171,DB00288
7172,O60911
7173,DB08222
7174,Q92847
7175,O60674
7176,DB02963
7177,P28329
7178,DB07225
7179,DB04552
7180,P62826
7181,P25788
7182,DB08063
7183,DB08289
7184,DB02635
7185,DB02162
7186,Q96GR2
7187,DB01497
7188,DB03844
7189,O15144
7190,P20231
7191,DB07130
7192,DB04002
7193,DB08658
7194,DB00733
7195,DB08790
7196,DB00846
7197,P03952
7198,DB04076
7199,DB00472
7200,Q08493
7201,DB05482
7202,DB00188
7203,Q99447
7204,DB00174
7205,DB07389
7206,DB06995
7207,DB07556
7208,DB07107
7209,DB04175
7210,Q13547
7211,DB00519
7212,P42768
7213,DB01725
7214,P06737
7215,DB06899
7216,DB02292
7217,Q5T601
7218,DB04840
7219,DB07800
7220,DB07027
7221,DB07046
7222,DB06626
7223,DB03541
7224,P52333
7225,P35247
7226,Q9HBL8
7227,DB05736
7228,P00374
7229,P28066
7230,DB08890
7231,DB06168
7232,P35869
7233,P48029
7234,DB07765
7235,DB02741
7236,DB01367
7237,O95237
7238,DB08371
7239,DB07622
7240,DB04958
7241,DB04444
7242,DB01223
7243,DB05299
7244,Q9Y3R4
7245,DB08121
7246,DB00801
7247,DB08734
7248,P14061
7249,Q16740
7250,Q9BYC2
7251,DB04881
7252,DB02929
7253,DB01083
7254,DB01053
7255,O75976
7256,DB03065
7257,DB06999
7258,DB07893
7259,DB07595
7260,DB00496
7261,DB04112
7262,DB08026
7263,DB01549
7264,P22695
7265,DB03994
7266,DB04114
7267,P29274
7268,DB04845
7269,P17252
7270,DB07533
7271,DB00336
7272,P22234
7273,Q86US8
7274,O75311
7275,Q8IU85
7276,DB00240
7277,DB00427
7278,Q04771
7279,DB01215
7280,DB03510
7281,DB08691
7282,DB01054
7283,P26447
7284,DB02095
7285,DB00938
7286,DB04071
7287,DB08091
7288,DB00116
7289,DB06957
7290,DB06831
7291,P28838
7292,DB04690
7293,Q9NNW7
7294,DB06101
7295,DB06928
7296,DB05284
7297,DB00694
7298,DB03690
7299,DB04372
7300,DB04743
7301,DB02448
7302,P49448
7303,DB08750
7304,DB00407
7305,P31358
7306,Q6W5P4
7307,Q96KC2
7308,P01023
7309,DB03109
7310,P28482
7311,DB03430
7312,P18507
7313,Q15842
7314,DB03126
7315,DB11362
7316,P50213
7317,DB01791
7318,DB01692
7319,DB06933
7320,DB07059
7321,Q92930
7322,DB04387
7323,DB00916
7324,P11233
7325,P51170
7326,DB03392
7327,DB08142
7328,DB08426
7329,DB04849
7330,DB07901
7331,P03989
7332,O60895
7333,DB05012
7334,DB03841
7335,DB07461
7336,DB04339
7337,DB04446
7338,DB01251
7339,DB07259
7340,O00341
7341,DB01282
7342,Q99714
